-- MySQL dump 10.13  Distrib 5.5.44, for debian-linux-gnu (x86_64)
--
-- Host: localhost    Database: pedidos
-- ------------------------------------------------------
-- Server version	5.5.44-0ubuntu0.14.04.1

/*!40101 SET @OLD_CHARACTER_SET_CLIENT=@@CHARACTER_SET_CLIENT */;
/*!40101 SET @OLD_CHARACTER_SET_RESULTS=@@CHARACTER_SET_RESULTS */;
/*!40101 SET @OLD_COLLATION_CONNECTION=@@COLLATION_CONNECTION */;
/*!40101 SET NAMES utf8 */;
/*!40103 SET @OLD_TIME_ZONE=@@TIME_ZONE */;
/*!40103 SET TIME_ZONE='+00:00' */;
/*!40014 SET @OLD_UNIQUE_CHECKS=@@UNIQUE_CHECKS, UNIQUE_CHECKS=0 */;
/*!40014 SET @OLD_FOREIGN_KEY_CHECKS=@@FOREIGN_KEY_CHECKS, FOREIGN_KEY_CHECKS=0 */;
/*!40101 SET @OLD_SQL_MODE=@@SQL_MODE, SQL_MODE='NO_AUTO_VALUE_ON_ZERO' */;
/*!40111 SET @OLD_SQL_NOTES=@@SQL_NOTES, SQL_NOTES=0 */;

--
-- Table structure for table `campanhas`
--

DROP TABLE IF EXISTS `campanhas`;
/*!40101 SET @saved_cs_client     = @@character_set_client */;
/*!40101 SET character_set_client = utf8 */;
CREATE TABLE `campanhas` (
  `id` int(10) unsigned NOT NULL AUTO_INCREMENT,
  `status` tinyint(1) NOT NULL DEFAULT '0',
  `created_at` timestamp NOT NULL DEFAULT '0000-00-00 00:00:00',
  `updated_at` timestamp NOT NULL DEFAULT '0000-00-00 00:00:00',
  `sent` tinyint(1) NOT NULL DEFAULT '0',
  PRIMARY KEY (`id`)
) ENGINE=InnoDB AUTO_INCREMENT=7 DEFAULT CHARSET=utf8 COLLATE=utf8_unicode_ci;
/*!40101 SET character_set_client = @saved_cs_client */;

--
-- Dumping data for table `campanhas`
--

LOCK TABLES `campanhas` WRITE;
/*!40000 ALTER TABLE `campanhas` DISABLE KEYS */;
INSERT INTO `campanhas` VALUES (3,0,'2015-09-07 19:25:00','2015-09-08 13:07:57',1),(4,0,'2015-10-07 20:08:49','2015-10-08 22:55:43',1),(5,0,'2015-11-08 18:02:46','2015-11-09 18:43:31',1),(6,0,'2015-12-08 23:25:48','2015-12-09 17:52:58',1);
/*!40000 ALTER TABLE `campanhas` ENABLE KEYS */;
UNLOCK TABLES;

--
-- Table structure for table `migrations`
--

DROP TABLE IF EXISTS `migrations`;
/*!40101 SET @saved_cs_client     = @@character_set_client */;
/*!40101 SET character_set_client = utf8 */;
CREATE TABLE `migrations` (
  `migration` varchar(255) COLLATE utf8_unicode_ci NOT NULL,
  `batch` int(11) NOT NULL
) ENGINE=InnoDB DEFAULT CHARSET=utf8 COLLATE=utf8_unicode_ci;
/*!40101 SET character_set_client = @saved_cs_client */;

--
-- Dumping data for table `migrations`
--

LOCK TABLES `migrations` WRITE;
/*!40000 ALTER TABLE `migrations` DISABLE KEYS */;
INSERT INTO `migrations` VALUES ('2014_10_12_000000_create_users_table',1),('2014_10_12_100000_create_password_resets_table',1),('2015_05_07_124707_create_revendedoras_table',1),('2015_05_08_201709_create_produtos_table',1),('2015_05_08_210101_create_pedido_statuses_table',1),('2015_05_08_210102_create_campanhas_table',1),('2015_05_08_210201_create_pedidos_table',1),('2015_06_08_225713_alter_capanhas',1);
/*!40000 ALTER TABLE `migrations` ENABLE KEYS */;
UNLOCK TABLES;

--
-- Table structure for table `password_resets`
--

DROP TABLE IF EXISTS `password_resets`;
/*!40101 SET @saved_cs_client     = @@character_set_client */;
/*!40101 SET character_set_client = utf8 */;
CREATE TABLE `password_resets` (
  `email` varchar(255) COLLATE utf8_unicode_ci NOT NULL,
  `token` varchar(255) COLLATE utf8_unicode_ci NOT NULL,
  `created_at` timestamp NOT NULL DEFAULT '0000-00-00 00:00:00',
  KEY `password_resets_email_index` (`email`),
  KEY `password_resets_token_index` (`token`)
) ENGINE=InnoDB DEFAULT CHARSET=utf8 COLLATE=utf8_unicode_ci;
/*!40101 SET character_set_client = @saved_cs_client */;

--
-- Dumping data for table `password_resets`
--

LOCK TABLES `password_resets` WRITE;
/*!40000 ALTER TABLE `password_resets` DISABLE KEYS */;
/*!40000 ALTER TABLE `password_resets` ENABLE KEYS */;
UNLOCK TABLES;

--
-- Table structure for table `pedido_produto`
--

DROP TABLE IF EXISTS `pedido_produto`;
/*!40101 SET @saved_cs_client     = @@character_set_client */;
/*!40101 SET character_set_client = utf8 */;
CREATE TABLE `pedido_produto` (
  `pedido_id` int(10) unsigned NOT NULL,
  `produto_id` int(10) unsigned NOT NULL,
  `quantidade` int(11) NOT NULL,
  KEY `pedido_produto_pedido_id_foreign` (`pedido_id`),
  KEY `pedido_produto_produto_id_foreign` (`produto_id`),
  CONSTRAINT `pedido_produto_pedido_id_foreign` FOREIGN KEY (`pedido_id`) REFERENCES `pedidos` (`id`),
  CONSTRAINT `pedido_produto_produto_id_foreign` FOREIGN KEY (`produto_id`) REFERENCES `produtos` (`id`)
) ENGINE=InnoDB DEFAULT CHARSET=utf8 COLLATE=utf8_unicode_ci;
/*!40101 SET character_set_client = @saved_cs_client */;

--
-- Dumping data for table `pedido_produto`
--

LOCK TABLES `pedido_produto` WRITE;
/*!40000 ALTER TABLE `pedido_produto` DISABLE KEYS */;
INSERT INTO `pedido_produto` VALUES (1,7,1),(1,8,1),(1,9,3),(1,10,2),(1,11,1),(1,12,1),(1,13,1),(1,14,1),(1,15,4),(1,16,1),(1,17,1),(1,18,1),(1,19,2),(1,20,1),(1,21,1),(1,22,1),(1,23,1),(1,24,1),(1,25,3),(1,26,1),(1,27,1),(1,28,1),(1,29,1),(1,30,5),(1,31,1),(1,32,2),(1,33,1),(1,34,1),(1,35,1),(1,36,1),(1,37,4),(1,38,4),(1,39,3),(1,40,2),(1,41,1),(1,42,1),(1,43,1),(1,44,1),(1,45,1),(1,46,1),(1,47,1),(1,48,1),(1,49,1),(1,50,1),(1,51,1),(1,52,1),(1,53,1),(1,54,2),(1,55,1),(1,56,1),(1,57,1),(2,9,2),(2,58,1),(2,59,1),(2,60,1),(2,61,1),(2,62,1),(2,63,1),(2,64,2),(2,65,4),(2,66,1),(3,56,1),(3,8,1),(3,67,1),(3,68,1),(3,69,1),(3,70,2),(3,71,1),(3,72,1),(3,73,1),(3,74,1),(4,75,1),(4,76,1),(4,21,1),(4,77,1),(4,78,1),(4,79,1),(4,80,1),(4,81,1),(4,82,1),(4,33,1),(4,83,1),(4,84,1),(4,85,1),(4,86,1),(5,87,1),(5,88,1),(6,89,1),(6,90,1),(6,18,1),(6,91,1),(6,92,1),(6,93,1),(6,71,1),(6,94,1),(6,73,1),(6,95,1),(6,96,1),(6,97,1),(6,98,1),(6,99,2),(7,95,1),(7,100,2),(7,101,1),(7,102,1),(7,103,1),(7,104,1),(8,105,1),(8,106,1),(8,107,1),(9,108,1),(9,35,1),(9,36,1),(9,109,1),(9,110,1),(9,111,2),(9,84,1),(9,112,1),(9,113,1),(10,71,1),(10,114,1),(10,115,1),(11,19,1),(11,116,1),(11,81,1),(11,117,1),(11,118,1),(11,119,1),(11,120,1),(11,121,1),(11,122,1),(12,24,1),(12,123,1),(12,73,1),(13,124,1),(13,125,2),(13,80,1),(13,54,1),(14,126,1),(14,127,1),(14,128,1),(14,129,1),(14,130,1),(14,131,1),(14,132,3),(14,133,2),(14,134,1),(14,135,1),(14,54,2),(15,136,1),(15,137,1),(15,138,1),(15,139,1),(15,140,1),(16,141,1),(16,32,2),(16,87,1),(16,80,2),(16,142,1),(16,143,1),(16,144,2),(17,19,1),(17,68,2),(17,24,2),(17,145,1),(17,146,1),(17,147,1),(17,148,1),(18,149,2),(18,150,1),(18,151,1),(18,152,2),(18,47,1),(18,125,1),(18,8,2),(18,153,1),(18,154,1),(19,32,2),(19,155,1),(19,68,1),(19,22,1),(19,65,2),(20,69,1),(20,125,1),(20,156,3),(21,71,2),(21,157,1),(21,54,2),(22,9,2),(22,98,1),(22,158,1),(22,146,1),(22,10,3),(22,159,1),(22,160,1),(22,68,3),(22,22,3),(22,161,2),(22,162,1),(22,25,2),(22,163,2),(22,164,1),(22,165,1),(22,166,2),(22,167,1),(22,168,2),(23,111,3),(23,169,1),(23,122,1),(23,170,1),(23,171,1),(23,172,1),(23,173,1),(23,174,1),(23,175,1),(23,176,1),(24,31,1),(24,9,1),(25,177,1),(25,178,1),(25,179,1),(25,180,1),(25,181,1),(25,54,1),(25,146,1),(26,7,2),(26,182,1),(26,183,1),(27,136,1),(27,137,1),(27,139,1),(27,184,1),(27,80,1),(28,185,1),(28,13,1),(28,186,1),(28,89,1),(28,187,2),(28,35,1),(29,9,3),(29,10,3),(29,188,2),(29,189,2),(29,190,1),(29,191,1),(29,115,1),(29,114,1),(29,181,1),(29,192,1),(30,193,1),(30,10,2),(30,157,2),(30,23,1),(30,194,1),(30,195,1),(30,83,1),(30,196,1),(30,80,1),(31,47,1),(31,54,1),(31,171,2),(32,197,1),(32,115,1),(32,191,1),(32,114,1),(32,181,1),(32,198,1),(32,23,1),(32,125,1),(32,199,1),(32,200,1),(33,9,1),(33,201,1),(33,202,1),(33,203,1),(33,46,1),(33,118,1),(33,204,1),(33,205,1),(33,206,2),(33,53,1),(33,125,1),(33,54,3),(33,95,2),(34,54,1),(34,207,1),(34,131,1),(34,166,2),(34,10,2),(34,208,1),(35,10,1),(35,22,2),(35,184,1),(35,181,4),(35,209,1),(36,210,1),(36,211,1),(36,189,1),(36,126,1),(36,212,1),(36,213,1),(36,209,1),(36,80,10),(36,54,1),(36,178,1),(19,214,1),(37,215,1),(37,216,1),(38,32,2),(38,143,1),(38,196,1),(38,217,1),(38,218,1),(38,219,1),(38,54,8),(38,209,1),(38,220,1),(38,159,4),(38,25,1),(38,71,6),(38,98,1),(38,141,1),(38,131,6),(38,133,2),(38,221,6),(39,222,1),(39,190,1),(39,223,1),(39,224,1),(39,225,1),(39,226,1),(39,227,1),(39,228,2),(39,140,1),(40,229,3),(40,174,2),(40,24,1),(40,230,1),(40,150,1),(40,149,1),(40,231,5),(40,32,1),(40,99,1),(41,150,1),(41,189,1),(41,232,3),(41,71,1),(41,94,1),(41,148,1),(42,233,1),(42,46,1),(42,209,1),(42,66,1),(43,234,1),(43,235,1),(43,236,1),(43,237,1),(43,238,1),(43,239,1),(43,72,1),(43,240,1),(43,241,1),(43,185,1),(43,11,1),(43,13,1),(43,242,1),(43,243,1),(43,244,1),(43,18,1),(43,245,1),(43,246,1),(43,247,1),(43,198,1),(43,248,1),(43,249,1),(43,250,1),(44,10,1),(44,251,1),(44,27,1),(44,252,4),(44,215,2),(45,79,1),(45,161,1),(45,253,1),(45,22,1),(45,254,2),(45,255,1),(45,88,1),(45,256,1),(46,257,1),(46,125,1),(47,8,3),(47,7,1),(47,258,2),(47,84,1),(47,259,1),(48,253,1),(48,23,1),(48,22,1),(48,38,1),(49,185,1),(49,260,1),(49,125,1),(49,261,1),(50,262,1),(50,88,1),(50,154,1),(50,26,1),(50,71,2),(50,65,1),(50,13,1),(50,263,1),(51,83,1),(51,80,2),(52,54,2),(52,71,1),(52,155,1),(52,157,1),(52,187,1),(53,264,2),(53,191,1),(53,265,1),(53,178,2),(54,22,1),(54,266,1),(54,267,1),(54,72,1),(54,268,1),(54,269,1),(54,270,1),(55,9,1),(55,22,1),(55,271,1),(55,161,1),(55,255,1),(55,272,1),(55,273,1),(56,274,1),(56,19,1),(56,275,1),(56,276,1),(56,277,1),(56,278,1),(56,24,1),(56,279,1),(56,151,1),(56,280,1),(56,281,1),(56,282,1),(57,9,1),(57,155,2),(57,68,2),(57,22,3),(57,283,1),(57,181,1),(57,284,1),(57,285,1),(57,120,1),(57,205,1),(57,65,1),(57,184,1),(58,88,2),(58,71,1),(58,7,1),(58,286,1),(58,173,1),(58,261,1),(58,54,2),(59,287,1),(59,288,1),(59,178,1),(60,289,2),(60,189,1),(60,290,1),(60,209,2),(60,291,1),(60,292,2),(60,293,1),(61,294,1),(61,259,1),(62,295,1),(62,19,1),(62,209,1),(62,296,1),(62,199,1),(62,71,3),(62,297,2),(63,298,2),(63,88,1),(63,61,1),(63,62,1),(63,171,1),(63,172,1),(63,217,1),(63,299,1),(63,173,1),(63,300,1),(63,301,1),(63,179,1),(63,302,1),(63,67,1),(63,9,3),(63,95,1),(64,134,1),(64,135,1),(65,134,1),(65,135,1),(65,279,1),(65,24,1),(65,278,1),(65,19,1),(66,303,1),(66,258,6),(66,111,1),(66,26,2),(66,290,2),(66,304,1),(66,84,1),(66,113,1),(67,305,1),(67,306,1),(67,278,1),(67,275,1),(67,307,1),(67,308,1),(67,309,1),(67,310,1),(67,290,1),(67,189,1),(67,150,1),(67,19,1),(68,54,3),(68,80,1),(68,125,1),(68,65,1),(51,68,1),(69,23,1),(69,33,1),(69,34,1),(69,35,1),(69,36,1),(69,311,1),(69,312,1),(69,115,1),(69,292,1),(69,203,1),(69,80,1),(69,313,1),(69,32,1),(69,314,1),(69,65,1),(69,315,1),(70,10,1),(70,186,1),(70,316,1),(70,317,1),(70,28,1),(70,163,1),(70,318,1),(70,86,1),(70,319,1),(70,228,1),(70,320,1),(70,118,1),(70,296,1),(70,51,1),(70,321,1),(70,322,1),(70,111,3),(70,269,1),(70,325,1),(70,326,1),(70,327,2),(70,324,1),(70,323,1),(71,328,1),(71,84,1),(71,150,1),(71,94,1),(71,329,1),(71,36,1),(71,195,1),(71,269,1),(71,86,1),(71,87,1),(72,330,1),(72,331,1),(72,332,1),(72,272,1),(73,333,1),(73,334,1),(73,335,1),(73,336,2),(73,118,1),(73,337,1),(74,338,1),(74,19,1),(74,339,1),(74,340,1),(74,341,1),(74,23,1),(74,126,2),(74,342,1),(74,190,1),(74,256,1),(75,343,4),(75,344,1),(76,264,2),(77,90,1),(77,177,1),(77,22,1),(77,92,2),(77,59,1),(77,345,1),(77,346,1),(77,32,3),(77,267,1),(77,180,1),(77,347,1),(77,348,1),(77,54,4),(78,349,1),(78,287,2),(78,72,1),(78,239,1),(78,274,1),(78,350,1),(78,351,1),(78,352,2),(78,13,1),(78,192,2),(78,16,1),(78,71,2),(78,259,1),(79,9,1),(79,295,1),(79,22,2),(79,71,1),(79,236,1),(79,353,1),(79,354,1),(79,52,1),(79,355,1),(79,53,1),(79,131,1),(80,199,1),(80,53,1),(80,157,1),(80,168,1),(80,356,1),(80,25,1),(80,10,1),(80,164,1),(81,269,1),(81,357,2),(81,358,6),(81,54,10),(81,80,2),(81,131,4),(81,95,1),(81,209,5),(81,359,1),(81,92,1),(81,136,1),(81,137,1),(81,138,1),(81,139,1),(81,214,1),(82,360,1),(82,171,1),(82,361,1),(82,54,1),(83,235,1),(83,267,1),(83,185,1),(83,362,1),(83,363,1),(83,294,1),(83,364,1),(83,187,1),(83,365,1),(83,366,1),(83,367,1),(83,368,1),(83,369,1),(83,370,1),(83,23,1),(83,371,1),(81,296,1),(84,155,1),(84,68,2),(84,160,1),(84,323,1),(84,105,2),(84,372,1),(84,143,1),(84,373,1),(84,196,1),(84,374,2),(84,375,1),(84,80,1),(85,112,1),(85,111,1),(85,376,1),(85,205,1),(85,322,1),(86,9,1),(86,10,1),(86,185,1),(86,377,1),(86,11,1),(86,243,1),(86,378,1),(86,379,1),(86,13,1),(86,242,1),(86,186,1),(86,89,1),(86,380,1),(86,18,1),(86,245,1),(86,246,1),(86,247,1),(86,149,1),(86,273,1),(86,381,1),(86,24,2),(86,262,1),(86,382,1),(86,383,1),(86,251,1),(86,25,1),(86,384,1),(86,27,1),(86,29,1),(86,385,1),(86,30,1),(86,386,2),(86,83,1),(86,387,1),(86,388,1),(86,143,1),(86,196,1),(86,173,1),(86,172,1),(86,389,1),(86,390,1),(86,45,1),(86,257,1),(86,351,1),(86,46,1),(86,333,1),(86,118,1),(86,391,1),(86,296,2),(86,148,2),(86,206,1),(86,52,1),(86,355,1),(86,51,1),(86,125,1),(86,199,1),(86,260,1),(86,54,3),(87,67,1),(87,89,1),(87,150,1),(87,19,1),(87,294,1),(87,32,3),(87,392,1),(87,393,1),(87,164,1),(87,394,1),(87,395,1),(87,125,2),(87,396,1),(87,234,1),(87,313,1),(88,397,1),(89,131,2),(89,224,1),(89,258,1),(89,398,1),(90,199,1),(90,9,2),(90,363,1),(90,155,2),(90,22,2),(90,60,1),(90,384,2),(90,292,3),(90,73,1),(90,65,2),(90,125,2),(91,124,1),(91,131,1),(91,109,1),(91,61,1),(91,399,2),(91,9,1),(92,157,1),(92,400,1),(92,42,1),(93,71,1),(93,289,6),(93,95,1),(93,99,1),(94,32,1),(94,401,1),(94,71,1),(95,402,1),(95,403,1),(95,404,1),(95,196,1),(95,303,1),(95,220,1),(96,259,4),(97,18,1),(97,16,1),(97,15,1),(97,128,1),(97,269,2),(98,405,1),(98,339,1),(99,84,1),(99,406,1),(99,120,1),(100,19,2),(100,249,1),(100,407,1),(100,163,1),(101,96,1),(102,199,2),(102,92,1),(102,396,2),(102,168,1),(102,303,1),(102,314,1),(102,16,1),(102,71,2),(102,86,1),(102,85,1),(102,33,1),(102,75,1),(102,351,1),(102,45,1),(103,287,1),(103,408,1),(103,84,1),(103,409,1),(103,112,1),(103,322,1),(104,10,1),(104,253,1),(104,410,1),(104,32,1),(104,171,2),(104,172,1),(104,217,1),(104,102,1),(105,283,1),(105,71,1),(105,68,1),(105,126,1),(105,411,1),(106,138,3),(106,45,1),(106,136,1),(106,137,1),(106,139,1),(106,364,1),(106,229,1),(106,412,1),(106,366,1),(107,22,3),(107,68,2),(107,161,1),(107,126,1),(107,25,1),(107,45,1),(107,413,1),(108,414,1),(108,415,1),(108,115,1),(108,114,1),(108,416,1),(108,417,1),(108,418,1),(108,349,1),(108,46,1),(108,419,1),(109,118,1),(109,19,1),(109,150,1),(109,420,1),(109,25,1),(109,387,1),(109,421,1),(109,38,1),(109,422,1),(109,206,1),(110,177,1),(110,22,1),(110,423,1),(110,32,2),(110,180,1),(110,424,1),(110,425,1),(110,345,1),(110,426,1),(110,54,3),(111,98,2),(112,71,2),(112,155,1),(113,258,1),(113,8,1),(114,55,2),(115,9,1),(115,10,1),(115,233,1),(115,272,1),(116,19,1),(116,178,1),(116,71,2),(116,134,1),(117,54,2),(117,205,1),(118,10,1),(118,225,1),(118,231,1),(118,427,1),(118,296,1),(118,332,1),(118,331,1),(119,428,1),(119,153,1),(119,25,1),(119,323,1),(119,324,1),(119,429,1),(119,430,1),(119,375,1),(119,431,1),(119,32,1),(119,76,1),(119,432,1),(120,25,1),(120,267,1),(120,22,1),(120,94,1),(120,209,4),(120,178,4),(120,261,1),(121,94,5),(121,258,1),(104,47,1),(122,95,1),(122,433,1),(123,332,1),(123,431,1),(123,32,1),(123,64,1),(123,434,1),(123,25,1),(123,73,1),(123,78,1),(123,435,1),(123,71,8),(123,88,1),(123,154,2),(123,26,1),(123,98,1),(123,146,1),(123,139,1),(124,68,1),(124,436,1),(124,195,1),(124,83,1),(124,437,1),(124,438,1),(124,320,1),(124,439,1),(124,440,1),(124,441,1),(124,205,1),(125,408,1),(125,68,1),(125,22,1),(125,232,1),(125,80,1),(126,91,1),(126,23,2),(126,442,1),(126,443,1),(126,404,1),(126,444,2),(127,431,1),(127,445,1),(127,446,1),(127,129,1),(127,235,1),(127,447,1),(127,448,1),(127,54,1),(128,22,2),(128,68,2),(128,161,1),(128,9,1),(128,10,1),(128,209,1),(129,333,2),(130,449,1),(130,27,1),(130,47,1),(131,281,2),(131,288,1),(131,450,1),(131,351,1),(132,449,1),(132,451,1),(132,114,1),(132,60,1),(132,200,1),(133,24,5),(134,136,2),(134,137,2),(134,138,1),(134,139,2),(135,53,2),(135,452,2),(135,453,2),(135,97,2),(135,454,1),(136,19,2),(136,455,1),(136,456,2),(136,230,1),(136,189,1),(136,457,1),(136,161,2),(136,131,1),(136,296,1),(136,125,2),(136,199,2),(137,9,1),(137,10,1),(137,129,10),(137,258,2),(138,375,2),(138,458,1),(138,459,1),(138,22,1),(138,253,1),(138,45,1),(139,333,1),(139,118,1),(139,120,1),(139,161,1),(139,81,1),(139,25,1),(140,290,1),(140,71,1),(140,54,2),(140,22,1),(141,7,1),(141,460,1),(142,196,1),(142,461,1),(142,114,1),(142,115,1),(142,181,4),(142,339,1),(143,439,1),(143,136,1),(143,100,1),(143,139,2),(144,209,1),(144,178,1),(144,212,1),(144,101,1),(144,80,1),(145,125,10),(145,26,6),(145,24,6),(146,462,1),(146,68,1),(146,177,1),(146,423,1),(146,128,1),(146,180,1),(146,115,1),(146,114,1),(146,289,4),(146,463,1),(146,425,1),(147,124,2),(147,66,1),(147,464,1),(147,335,2),(148,87,1),(148,327,1),(148,47,1),(148,406,3),(148,204,1),(148,116,1),(148,284,1),(149,54,4),(149,205,7),(150,465,2),(150,264,1),(150,68,1),(151,233,1),(151,292,2),(151,466,1),(151,467,1),(151,468,1),(151,469,1),(152,247,1),(152,90,1),(152,167,1),(152,319,2),(152,252,1),(152,54,2),(152,396,1),(152,87,1),(152,470,2),(152,23,1),(152,157,1),(152,209,2),(152,407,1),(153,94,1),(153,287,1),(154,9,5),(154,25,1),(154,144,1),(154,29,1),(154,98,1),(154,205,1),(154,42,1),(154,215,1),(155,71,3),(155,107,1),(155,262,1),(156,93,1),(156,71,2),(156,289,6),(156,231,1),(156,125,1),(156,199,1),(157,55,1),(157,303,1),(157,222,1),(157,325,1),(157,290,1),(158,157,2),(158,149,1),(158,196,1),(159,9,1),(159,10,1),(159,78,1),(159,141,1),(159,347,1),(159,471,1),(159,115,1),(159,125,4),(159,213,1),(160,431,1),(160,173,2),(160,171,1),(160,172,1),(160,331,1),(160,332,1),(160,472,2),(160,450,1),(160,474,1),(160,473,2),(160,102,3),(160,125,1),(160,199,1),(160,54,1),(160,80,1),(161,455,1),(161,475,1),(161,21,1),(161,229,1),(161,78,1),(161,60,1),(161,196,1),(161,476,1),(161,228,1),(161,477,2),(161,47,1),(161,296,1),(161,478,1),(162,84,2),(162,419,1),(162,112,1),(162,125,3),(162,123,1),(162,479,1),(162,480,1),(162,364,1),(162,229,1),(162,92,1),(162,359,1),(162,205,1),(163,68,2),(163,10,1),(163,60,1),(163,481,1),(163,482,1),(163,443,1),(163,300,1),(163,201,2),(164,71,2),(165,314,1),(165,13,1),(165,19,1),(165,185,1),(165,125,1),(165,196,1),(166,232,5);
/*!40000 ALTER TABLE `pedido_produto` ENABLE KEYS */;
UNLOCK TABLES;

--
-- Table structure for table `pedido_statuses`
--

DROP TABLE IF EXISTS `pedido_statuses`;
/*!40101 SET @saved_cs_client     = @@character_set_client */;
/*!40101 SET character_set_client = utf8 */;
CREATE TABLE `pedido_statuses` (
  `id` int(10) unsigned NOT NULL AUTO_INCREMENT,
  `status` varchar(25) COLLATE utf8_unicode_ci NOT NULL,
  PRIMARY KEY (`id`)
) ENGINE=InnoDB AUTO_INCREMENT=3 DEFAULT CHARSET=utf8 COLLATE=utf8_unicode_ci;
/*!40101 SET character_set_client = @saved_cs_client */;

--
-- Dumping data for table `pedido_statuses`
--

LOCK TABLES `pedido_statuses` WRITE;
/*!40000 ALTER TABLE `pedido_statuses` DISABLE KEYS */;
INSERT INTO `pedido_statuses` VALUES (1,'Em escrita'),(2,'Finalizado');
/*!40000 ALTER TABLE `pedido_statuses` ENABLE KEYS */;
UNLOCK TABLES;

--
-- Table structure for table `pedidos`
--

DROP TABLE IF EXISTS `pedidos`;
/*!40101 SET @saved_cs_client     = @@character_set_client */;
/*!40101 SET character_set_client = utf8 */;
CREATE TABLE `pedidos` (
  `id` int(10) unsigned NOT NULL AUTO_INCREMENT,
  `revendedora_id` int(10) unsigned NOT NULL,
  `status_id` int(10) unsigned NOT NULL,
  `campanha_id` int(10) unsigned NOT NULL,
  `created_at` timestamp NOT NULL DEFAULT '0000-00-00 00:00:00',
  `updated_at` timestamp NOT NULL DEFAULT '0000-00-00 00:00:00',
  `deleted_at` timestamp NULL DEFAULT NULL,
  PRIMARY KEY (`id`),
  KEY `pedidos_revendedora_id_foreign` (`revendedora_id`),
  KEY `pedidos_status_id_foreign` (`status_id`),
  KEY `pedidos_campanha_id_foreign` (`campanha_id`),
  CONSTRAINT `pedidos_campanha_id_foreign` FOREIGN KEY (`campanha_id`) REFERENCES `campanhas` (`id`),
  CONSTRAINT `pedidos_revendedora_id_foreign` FOREIGN KEY (`revendedora_id`) REFERENCES `revendedoras` (`id`),
  CONSTRAINT `pedidos_status_id_foreign` FOREIGN KEY (`status_id`) REFERENCES `pedido_statuses` (`id`)
) ENGINE=InnoDB AUTO_INCREMENT=167 DEFAULT CHARSET=utf8 COLLATE=utf8_unicode_ci;
/*!40101 SET character_set_client = @saved_cs_client */;

--
-- Dumping data for table `pedidos`
--

LOCK TABLES `pedidos` WRITE;
/*!40000 ALTER TABLE `pedidos` DISABLE KEYS */;
INSERT INTO `pedidos` VALUES (1,71,2,3,'2015-09-07 19:25:05','2015-09-07 19:58:14',NULL),(2,35,2,3,'2015-09-07 20:03:35','2015-09-07 20:13:00',NULL),(3,30,2,3,'2015-09-07 20:13:55','2015-09-07 20:20:42',NULL),(4,66,2,3,'2015-09-07 20:20:56','2015-09-07 20:30:50',NULL),(5,72,2,3,'2015-09-07 20:39:11','2015-09-07 20:40:38',NULL),(6,4,2,3,'2015-09-07 20:41:12','2015-09-07 20:54:36',NULL),(7,32,2,3,'2015-09-07 20:55:32','2015-09-07 20:58:39',NULL),(8,13,2,3,'2015-09-07 20:59:21','2015-09-07 21:00:40',NULL),(9,36,2,3,'2015-09-07 21:01:20','2015-09-07 21:05:55',NULL),(10,49,2,3,'2015-09-07 21:06:52','2015-09-07 21:08:02',NULL),(11,54,2,3,'2015-09-07 21:08:44','2015-09-07 21:12:09',NULL),(12,5,2,3,'2015-09-07 21:13:14','2015-09-07 21:13:53',NULL),(13,25,2,3,'2015-09-07 21:14:20','2015-09-07 21:15:44',NULL),(14,10,2,3,'2015-09-07 21:16:13','2015-09-07 21:21:03',NULL),(15,73,2,3,'2015-09-07 21:25:01','2015-09-07 21:26:38',NULL),(16,45,2,3,'2015-09-07 21:27:01','2015-09-07 21:29:36',NULL),(17,38,2,3,'2015-09-07 21:30:11','2015-09-07 21:34:19',NULL),(18,40,2,3,'2015-09-07 21:34:55','2015-09-07 21:37:33',NULL),(19,26,2,3,'2015-09-07 21:38:09','2015-09-08 12:33:36',NULL),(20,64,2,3,'2015-09-07 21:39:59','2015-09-07 21:41:04',NULL),(21,31,2,3,'2015-09-07 21:41:26','2015-09-07 21:42:24',NULL),(22,14,2,3,'2015-09-07 21:42:50','2015-09-07 21:57:08',NULL),(23,28,2,3,'2015-09-08 01:07:14','2015-09-08 01:13:55',NULL),(24,39,2,3,'2015-09-08 01:14:29','2015-09-08 01:14:54',NULL),(25,29,2,3,'2015-09-08 01:15:14','2015-09-08 01:17:49',NULL),(26,22,2,3,'2015-09-08 01:19:35','2015-09-08 12:46:40',NULL),(27,12,2,3,'2015-09-08 01:21:03','2015-09-08 12:46:30',NULL),(28,9,2,3,'2015-09-08 01:22:27','2015-09-08 12:46:22',NULL),(29,50,2,3,'2015-09-08 01:25:35','2015-09-08 12:46:12',NULL),(30,17,2,3,'2015-09-08 01:29:02','2015-09-08 12:46:01',NULL),(31,34,2,3,'2015-09-08 01:34:25','2015-09-08 12:45:54',NULL),(32,23,2,3,'2015-09-08 01:35:34','2015-09-08 12:45:47',NULL),(33,62,2,3,'2015-09-08 01:39:34','2015-09-08 12:45:40',NULL),(34,27,2,3,'2015-09-08 01:46:09','2015-09-08 12:45:33',NULL),(35,51,2,3,'2015-09-08 01:49:58','2015-09-08 12:45:25',NULL),(36,74,2,3,'2015-09-08 01:55:48','2015-09-08 12:45:04',NULL),(37,6,2,3,'2015-09-08 12:34:39','2015-09-08 12:45:15',NULL),(38,1,2,3,'2015-09-08 12:36:11','2015-09-08 12:43:40',NULL),(39,53,2,3,'2015-09-08 13:44:41','2015-09-08 13:48:07',NULL),(40,33,2,3,'2015-09-08 22:13:34','2015-09-08 22:27:29',NULL),(41,16,2,3,'2015-09-08 22:31:10','2015-09-08 22:34:27',NULL),(42,8,2,3,'2015-09-09 20:50:35','2015-09-09 20:53:34',NULL),(43,42,2,3,'2015-09-09 20:54:09','2015-09-09 21:09:01',NULL),(44,60,2,3,'2015-09-10 22:32:28','2015-09-10 22:36:58',NULL),(45,14,1,4,'2015-10-07 20:09:17','2015-10-07 20:19:56',NULL),(46,41,1,4,'2015-10-07 20:21:58','2015-10-07 20:23:47',NULL),(47,15,1,4,'2015-10-07 20:24:27','2015-10-07 20:28:26',NULL),(48,13,1,4,'2015-10-07 20:29:37','2015-10-07 20:31:01',NULL),(49,6,1,4,'2015-10-07 20:32:15','2015-10-07 20:35:29',NULL),(50,9,1,4,'2015-10-07 20:37:30','2015-10-07 20:42:02',NULL),(51,17,1,4,'2015-10-07 20:45:25','2015-10-08 01:34:40',NULL),(52,31,1,4,'2015-10-07 20:46:52','2015-10-07 20:48:16',NULL),(53,2,1,4,'2015-10-07 20:58:20','2015-10-07 21:01:40',NULL),(54,32,1,4,'2015-10-07 21:02:51','2015-10-07 21:10:08',NULL),(55,46,1,4,'2015-10-07 21:11:55','2015-10-07 21:17:44',NULL),(56,38,1,4,'2015-10-07 21:21:46','2015-10-07 21:53:40',NULL),(57,26,1,4,'2015-10-07 22:12:32','2015-10-07 22:19:00',NULL),(58,19,1,4,'2015-10-07 22:21:46','2015-10-07 22:24:17',NULL),(59,56,1,4,'2015-10-07 22:26:23','2015-10-07 22:33:45',NULL),(60,8,1,4,'2015-10-07 22:40:42','2015-10-07 22:48:14',NULL),(61,20,1,4,'2015-10-07 22:50:43','2015-10-07 22:53:39',NULL),(62,69,1,4,'2015-10-07 22:54:29','2015-10-07 23:02:30',NULL),(63,35,1,4,'2015-10-07 23:04:45','2015-10-07 23:19:53',NULL),(64,49,1,4,'2015-10-07 23:22:19','2015-10-07 23:22:46',NULL),(65,40,1,4,'2015-10-07 23:23:50','2015-10-07 23:25:19',NULL),(66,11,1,4,'2015-10-07 23:28:02','2015-10-07 23:34:40',NULL),(67,33,1,4,'2015-10-08 01:19:51','2015-10-08 01:27:34',NULL),(68,10,1,4,'2015-10-08 01:29:26','2015-10-08 01:30:20',NULL),(69,45,1,4,'2015-10-08 01:35:28','2015-10-08 01:43:54',NULL),(70,36,1,4,'2015-10-08 01:46:42','2015-10-08 02:16:04',NULL),(71,66,1,4,'2015-10-08 02:20:45','2015-10-08 02:30:45',NULL),(72,73,1,4,'2015-10-08 02:33:46','2015-10-08 02:37:13',NULL),(73,62,1,4,'2015-10-08 02:38:21','2015-10-08 02:50:32',NULL),(74,22,1,4,'2015-10-08 02:53:23','2015-10-08 03:06:29',NULL),(75,37,1,4,'2015-10-08 11:38:41','2015-10-08 11:40:48',NULL),(76,55,1,4,'2015-10-08 11:42:13','2015-10-08 11:42:30',NULL),(77,29,1,4,'2015-10-08 11:43:05','2015-10-08 11:56:03',NULL),(78,18,1,4,'2015-10-08 11:59:06','2015-10-08 12:07:59',NULL),(79,50,1,4,'2015-10-08 12:10:42','2015-10-08 12:17:35',NULL),(80,3,1,4,'2015-10-08 12:19:53','2015-10-08 12:23:15',NULL),(81,1,1,4,'2015-10-08 12:25:00','2015-10-08 17:34:46',NULL),(82,42,1,4,'2015-10-08 16:50:30','2015-10-08 16:56:59',NULL),(83,12,1,4,'2015-10-08 16:58:52','2015-10-08 17:32:47',NULL),(84,23,1,4,'2015-10-08 17:35:37','2015-10-08 17:43:17',NULL),(85,28,1,4,'2015-10-08 22:42:54','2015-10-08 22:47:07',NULL),(86,71,1,5,'2015-11-08 18:03:11','2015-11-08 18:48:49',NULL),(87,45,1,5,'2015-11-08 18:58:33','2015-11-08 19:18:18',NULL),(88,41,1,5,'2015-11-08 19:23:14','2015-11-08 19:24:34',NULL),(89,63,1,5,'2015-11-08 19:25:13','2015-11-08 19:31:27',NULL),(90,26,1,5,'2015-11-08 19:32:57','2015-11-08 19:37:31',NULL),(91,35,1,5,'2015-11-08 19:40:18','2015-11-08 20:02:10',NULL),(92,17,1,5,'2015-11-08 20:06:06','2015-11-08 20:08:05',NULL),(93,4,1,5,'2015-11-08 20:24:30','2015-11-08 20:25:44',NULL),(94,65,1,5,'2015-11-08 20:27:07','2015-11-08 20:29:30',NULL),(95,22,1,5,'2015-11-08 20:30:36','2015-11-08 20:36:05',NULL),(96,9,1,5,'2015-11-08 20:38:09','2015-11-08 20:38:29',NULL),(97,33,1,5,'2015-11-08 20:39:06','2015-11-08 20:40:14',NULL),(98,51,1,5,'2015-11-08 20:41:42','2015-11-08 20:43:36',NULL),(99,13,1,5,'2015-11-08 20:44:20','2015-11-08 20:46:21',NULL),(100,73,1,5,'2015-11-08 20:47:53','2015-11-08 20:50:05',NULL),(101,6,1,5,'2015-11-08 20:51:11','2015-11-08 20:51:55',NULL),(102,66,1,5,'2015-11-08 20:53:56','2015-11-08 20:57:53',NULL),(103,70,1,5,'2015-11-08 21:00:32','2015-11-08 21:07:38',NULL),(104,19,1,5,'2015-11-08 21:09:32','2015-11-09 18:41:27',NULL),(105,30,1,5,'2015-11-08 21:22:45','2015-11-08 21:24:59',NULL),(106,12,1,5,'2015-11-08 21:26:39','2015-11-08 21:30:50',NULL),(107,14,1,5,'2015-11-08 21:32:48','2015-11-08 21:35:07',NULL),(108,28,1,5,'2015-11-08 21:36:17','2015-11-08 21:46:18',NULL),(109,62,1,5,'2015-11-09 01:58:18','2015-11-09 02:06:13',NULL),(110,29,1,5,'2015-11-09 02:08:48','2015-11-09 02:17:57',NULL),(111,44,1,5,'2015-11-09 02:19:46','2015-11-09 02:20:30',NULL),(112,18,1,5,'2015-11-09 02:21:35','2015-11-09 02:23:15',NULL),(113,15,1,5,'2015-11-09 02:24:05','2015-11-09 02:24:30',NULL),(114,24,1,5,'2015-11-09 02:25:11','2015-11-09 02:26:11',NULL),(115,16,1,5,'2015-11-09 02:27:06','2015-11-09 02:27:58',NULL),(116,49,1,5,'2015-11-09 02:28:57','2015-11-09 02:30:24',NULL),(117,55,1,5,'2015-11-09 02:32:46','2015-11-09 02:33:50',NULL),(118,27,1,5,'2015-11-09 02:35:19','2015-11-09 02:38:28',NULL),(119,23,1,5,'2015-11-09 02:40:12','2015-11-09 02:51:02',NULL),(120,1,1,5,'2015-11-09 02:56:03','2015-11-09 02:57:42',NULL),(121,5,1,5,'2015-11-09 18:39:46','2015-11-09 18:40:11',NULL),(122,39,1,5,'2015-11-10 19:11:51','2015-11-10 19:13:35',NULL),(123,1,1,6,'2015-12-08 23:26:21','2015-12-08 23:34:06',NULL),(124,44,1,6,'2015-12-08 23:39:28','2015-12-09 00:03:47',NULL),(125,7,1,6,'2015-12-09 00:09:26','2015-12-09 00:10:56',NULL),(126,22,1,6,'2015-12-09 00:12:51','2015-12-09 00:25:10',NULL),(127,67,1,6,'2015-12-09 00:28:39','2015-12-09 00:36:17',NULL),(128,14,1,6,'2015-12-09 00:39:11','2015-12-09 00:41:09',NULL),(129,62,1,6,'2015-12-09 00:58:19','2015-12-09 00:58:41',NULL),(130,65,1,6,'2015-12-09 00:59:37','2015-12-09 01:02:12',NULL),(131,46,1,6,'2015-12-09 01:03:21','2015-12-09 01:06:04',NULL),(132,34,1,6,'2015-12-09 01:08:39','2015-12-09 01:11:33',NULL),(133,25,1,6,'2015-12-09 01:13:33','2015-12-09 01:13:50',NULL),(134,73,1,6,'2015-12-09 01:14:36','2015-12-09 01:15:55',NULL),(135,24,1,6,'2015-12-09 01:17:38','2015-12-09 01:24:28',NULL),(136,50,1,6,'2015-12-09 01:28:01','2015-12-09 01:34:41',NULL),(137,15,1,6,'2015-12-09 01:37:31','2015-12-09 01:38:55',NULL),(138,27,1,6,'2015-12-09 01:41:57','2015-12-09 01:49:19',NULL),(139,66,1,6,'2015-12-09 01:52:54','2015-12-09 01:56:06',NULL),(140,31,1,6,'2015-12-09 01:58:28','2015-12-09 01:59:58',NULL),(141,75,1,6,'2015-12-09 02:08:39','2015-12-09 02:12:05',NULL),(142,51,1,6,'2015-12-09 02:16:27','2015-12-09 02:20:10',NULL),(143,12,1,6,'2015-12-09 02:27:29','2015-12-09 02:32:55',NULL),(144,74,1,6,'2015-12-09 02:34:51','2015-12-09 02:37:38',NULL),(145,58,1,6,'2015-12-09 02:38:54','2015-12-09 02:39:50',NULL),(146,29,1,6,'2015-12-09 02:40:55','2015-12-09 02:48:26',NULL),(147,37,1,6,'2015-12-09 02:50:44','2015-12-09 02:53:13',NULL),(148,13,1,6,'2015-12-09 02:59:18','2015-12-09 03:01:31',NULL),(149,55,1,6,'2015-12-09 12:58:38','2015-12-09 12:59:09',NULL),(150,2,1,6,'2015-12-09 13:00:07','2015-12-09 13:03:50',NULL),(151,8,1,6,'2015-12-09 13:05:22','2015-12-09 13:13:37',NULL),(152,3,1,6,'2015-12-09 13:15:50','2015-12-09 13:20:14',NULL),(153,56,1,6,'2015-12-09 13:23:39','2015-12-09 13:24:16',NULL),(154,60,1,6,'2015-12-09 13:25:14','2015-12-09 13:27:10',NULL),(155,9,1,6,'2015-12-09 13:29:11','2015-12-09 13:29:58',NULL),(156,4,1,6,'2015-12-09 13:30:57','2015-12-09 13:32:22',NULL),(157,11,1,6,'2015-12-09 13:35:04','2015-12-09 13:36:43',NULL),(158,17,1,6,'2015-12-09 13:38:15','2015-12-09 13:39:13',NULL),(159,45,1,6,'2015-12-09 13:40:16','2015-12-09 13:44:54',NULL),(160,19,1,6,'2015-12-09 13:46:49','2015-12-09 13:55:54',NULL),(161,53,1,6,'2015-12-09 16:59:22','2015-12-09 17:13:09',NULL),(162,28,1,6,'2015-12-09 17:16:35','2015-12-09 17:23:57',NULL),(163,38,1,6,'2015-12-09 17:29:32','2015-12-09 17:38:03',NULL),(164,72,1,6,'2015-12-09 21:40:35','2015-12-09 21:40:51',NULL),(165,6,1,6,'2015-12-09 21:41:55','2015-12-09 21:44:35',NULL),(166,16,1,6,'2015-12-14 01:49:12','2015-12-14 01:49:30',NULL);
/*!40000 ALTER TABLE `pedidos` ENABLE KEYS */;
UNLOCK TABLES;

--
-- Table structure for table `produtos`
--

DROP TABLE IF EXISTS `produtos`;
/*!40101 SET @saved_cs_client     = @@character_set_client */;
/*!40101 SET character_set_client = utf8 */;
CREATE TABLE `produtos` (
  `id` int(10) unsigned NOT NULL AUTO_INCREMENT,
  `codigo` varchar(20) COLLATE utf8_unicode_ci NOT NULL,
  `nome` varchar(150) COLLATE utf8_unicode_ci NOT NULL,
  `descricao` text COLLATE utf8_unicode_ci,
  `preco` decimal(5,2) NOT NULL,
  `created_at` timestamp NOT NULL DEFAULT '0000-00-00 00:00:00',
  `updated_at` timestamp NOT NULL DEFAULT '0000-00-00 00:00:00',
  `deleted_at` timestamp NULL DEFAULT NULL,
  PRIMARY KEY (`id`)
) ENGINE=InnoDB AUTO_INCREMENT=483 DEFAULT CHARSET=utf8 COLLATE=utf8_unicode_ci;
/*!40101 SET character_set_client = @saved_cs_client */;

--
-- Dumping data for table `produtos`
--

LOCK TABLES `produtos` WRITE;
/*!40000 ALTER TABLE `produtos` DISABLE KEYS */;
INSERT INTO `produtos` VALUES (7,'T4401','Loção Eficaz pés','',9.99,'2015-09-07 19:25:56','2015-09-07 19:25:56',NULL),(8,'T4404','Creme Eficaz pés','',9.99,'2015-09-07 19:26:35','2015-09-07 19:26:35',NULL),(9,'T4417','Esfoliante Amêndoas e mel pes','',15.99,'2015-09-07 19:27:30','2015-11-08 19:02:34',NULL),(10,'T4405','Creme Amêndoas e mel','',14.99,'2015-09-07 19:28:09','2015-09-07 19:28:09',NULL),(11,'T0505','Esmalte Pink','',5.99,'2015-09-07 19:28:45','2015-09-07 19:28:45',NULL),(12,'T0501','Esmalte Branco','',5.99,'2015-09-07 19:29:08','2015-09-07 19:29:08',NULL),(13,'T0510','Esmalte Ameixa','',5.99,'2015-09-07 19:29:30','2015-09-07 19:29:30',NULL),(14,'T0515','Óleo Secante','',5.99,'2015-09-07 19:29:55','2015-09-07 19:29:55',NULL),(15,'T0516','Esmalte Extra Brilho','',5.99,'2015-09-07 19:30:25','2015-09-07 19:30:25',NULL),(16,'T0512','Esmalte Luxo','',5.99,'2015-09-07 19:31:39','2015-09-07 19:31:39',NULL),(17,'T0514','Esmalte Turquesa','',5.99,'2015-09-07 19:32:04','2015-09-07 19:32:04',NULL),(18,'T0524','Esmalte Mistério','',5.99,'2015-09-07 19:32:26','2015-09-07 19:32:26',NULL),(19,'T0203','Batom Berinjela ','',16.99,'2015-09-07 19:32:59','2015-09-07 19:32:59',NULL),(20,'T0205','Batom Poderosa','',16.99,'2015-09-07 19:33:30','2015-09-07 19:33:30',NULL),(21,'T0951','Corretivo Médio Claro','',14.99,'2015-09-07 19:34:11','2015-09-07 19:34:11',NULL),(22,'T3231','Sabonete Intimo Barbatimão','',12.99,'2015-09-07 19:34:56','2015-09-07 19:34:56',NULL),(23,'T3209','Shampoo intimo menta','',16.99,'2015-09-07 19:35:38','2015-09-07 19:35:38',NULL),(24,'T3239','Desodorante Sensual','',29.99,'2015-09-07 19:36:00','2015-09-07 21:32:15',NULL),(25,'T4303','Carboxi Gel','',20.99,'2015-09-07 19:36:34','2015-09-07 19:36:34',NULL),(26,'L129','Sabonete Intimo Sensação Morango','',25.99,'2015-09-07 19:37:42','2015-09-07 19:37:42',NULL),(27,'L37','Shampoo de Mamona','',21.99,'2015-09-07 19:38:05','2015-09-07 19:38:05',NULL),(28,'L60','Creme Composto Vegetal 2,33 Kg','',60.99,'2015-09-07 19:38:56','2015-10-08 01:55:26',NULL),(29,'L38','Condicionador de Mamona','',21.99,'2015-09-07 19:39:23','2015-09-07 19:39:23',NULL),(30,'E3012','Mega Chá','',30.00,'2015-09-07 19:39:44','2015-09-07 19:39:44',NULL),(31,'E3018','Mix Shake Frustas Silvestres','',65.00,'2015-09-07 19:40:57','2015-09-07 19:40:57',NULL),(32,'S1389','Gel Extra Forte','',15.90,'2015-09-07 19:41:21','2015-09-07 19:41:21',NULL),(33,'S049','Leite de limpeza','',13.90,'2015-09-07 19:42:04','2015-09-07 19:42:04',NULL),(34,'S047','Gel Esfoliante','',14.90,'2015-09-07 19:42:24','2015-09-07 19:42:24',NULL),(35,'S053','Clareador','',12.90,'2015-09-07 19:42:41','2015-09-07 19:42:41',NULL),(36,'S044','Creme de Pepino','',11.99,'2015-09-07 19:43:11','2015-09-07 19:43:11',NULL),(37,'S1326','Gel Extasis','',10.99,'2015-09-07 19:43:46','2015-09-07 19:43:46',NULL),(38,'S1325','Gel Easy Luh','',10.99,'2015-09-07 19:44:47','2015-09-07 19:44:47',NULL),(39,'S1026','Aromatizante Bucal canela','',13.99,'2015-09-07 19:45:15','2015-09-07 19:57:37',NULL),(40,'S1024','Aromatizante Bucal Menta','',13.99,'2015-09-07 19:45:44','2015-09-07 19:45:44',NULL),(41,'B1006','Sabonete Intimo Morango','',17.00,'2015-09-07 19:46:08','2015-09-07 19:46:08',NULL),(42,'B1000','Sabonete Intimo Aroeira','',17.00,'2015-09-07 19:46:35','2015-09-07 19:46:35',NULL),(43,'D0022','Panta Cremte','',19.99,'2015-09-07 19:46:54','2015-09-07 19:46:54',NULL),(44,'T6024','Sacola 30 Un','',11.69,'2015-09-07 19:47:30','2015-09-07 19:47:30',NULL),(45,'A130','Catalago','',3.99,'2015-09-07 19:48:08','2015-09-07 19:48:08',NULL),(46,'T5214','Creme gordura de Rã','',17.99,'2015-09-07 19:48:31','2015-09-07 19:48:31',NULL),(47,'T5218','Máscara Blonde','',26.99,'2015-09-07 19:48:55','2015-09-07 19:48:55',NULL),(48,'T5014','Shampoo blond','',24.99,'2015-09-07 19:49:19','2015-09-07 19:49:19',NULL),(49,'T5114','Condicionador Blond','',22.99,'2015-09-07 19:49:39','2015-09-07 19:49:39',NULL),(50,'T5503','Queratina liquida','',14.99,'2015-09-07 19:50:02','2015-09-07 19:50:02',NULL),(51,'T6646','Kit Batana','',110.00,'2015-09-07 19:50:31','2015-09-07 19:50:31',NULL),(52,'T5015','Shampoo Nano Oil','',28.99,'2015-09-07 19:50:55','2015-09-07 19:50:55',NULL),(53,'T5219','Máscara Nano Oil','',39.99,'2015-09-07 19:51:19','2015-09-07 19:51:19',NULL),(54,'T4309','Gel Massageador Sebo de Carneiro','',17.99,'2015-09-07 19:52:24','2015-09-07 19:52:24',NULL),(55,'1042','Kit Amla','',146.97,'2015-09-07 19:52:53','2015-09-07 19:52:53',NULL),(56,'1035','Kit Batana Oil','',128.60,'2015-09-07 19:53:44','2015-09-07 19:53:44',NULL),(57,'1038','Kit Black','',88.97,'2015-09-07 19:54:05','2015-09-07 19:54:05',NULL),(58,'T1010','Deo Colonia Speciale','',49.99,'2015-09-07 20:04:20','2015-09-07 20:04:20',NULL),(59,'T1108','Colonia Supreme Feminina ','',45.99,'2015-09-07 20:08:34','2015-09-07 20:08:34',NULL),(60,'T6628','Kit Pelo Oleosa','',45.96,'2015-09-07 20:09:04','2015-09-07 20:09:04',NULL),(61,'L320','Shampoo Green','',17.99,'2015-09-07 20:09:35','2015-09-07 20:09:35',NULL),(62,'L322','Leave-in Green','',14.99,'2015-09-07 20:10:09','2015-09-07 20:10:09',NULL),(63,'S1409','Oleo Multi-protetor','',32.99,'2015-09-07 20:10:34','2015-09-07 20:10:34',NULL),(64,'S071','Sabonete Liquido Rosto','',14.99,'2015-09-07 20:11:00','2015-09-07 20:11:00',NULL),(65,'T4310','Oleo Powermint','',17.99,'2015-09-07 20:11:33','2015-09-07 20:11:33',NULL),(66,'E3002','Goji  Berry','',45.00,'2015-09-07 20:12:21','2015-09-07 20:12:21',NULL),(67,'T4070','Sab Corporal Esfoliante Amendoa e mel','',22.99,'2015-09-07 20:15:09','2015-11-08 19:01:27',NULL),(68,'T3221','Sabonete intimo de aroeira','',12.99,'2015-09-07 20:15:48','2015-09-07 20:15:48',NULL),(69,'T3215','Desodorante Spray Suave','',10.99,'2015-09-07 20:16:23','2015-09-07 20:16:23',NULL),(70,'L233','Gloss Vermelho','',14.99,'2015-09-07 20:17:17','2015-09-07 20:17:17',NULL),(71,'L142','Gel de Arnica 200g','',25.99,'2015-09-07 20:17:52','2015-09-07 20:17:52',NULL),(72,'S1518','Esmalte Sedução','',6.99,'2015-09-07 20:18:31','2015-09-07 20:18:31',NULL),(73,'F2305','Talco Pópé','',16.99,'2015-09-07 20:19:22','2015-09-07 20:50:13',NULL),(74,'R189','Deocolonia Talco','',52.00,'2015-09-07 20:19:57','2015-09-07 20:19:57',NULL),(75,'C1119','Creme Queratina','',17.99,'2015-09-07 20:21:17','2015-09-07 20:21:17',NULL),(76,'C3065','Shampoo Anti-caspa','',18.99,'2015-09-07 20:21:40','2015-09-07 20:21:40',NULL),(77,'T3230','Gel Virgine','',12.99,'2015-09-07 20:22:15','2015-09-07 20:22:15',NULL),(78,'T3238','Beija gosto Menta','',14.99,'2015-09-07 20:22:36','2015-09-07 20:22:36',NULL),(79,'T2415','Sombra Carbon Black','',9.99,'2015-09-07 20:22:59','2015-09-07 20:22:59',NULL),(80,'T4308','Gel 7 Ervas','',17.99,'2015-09-07 20:23:20','2015-09-07 20:23:20',NULL),(81,'T3216','Desodorante Spray Morango','',10.99,'2015-09-07 20:23:41','2015-09-07 20:23:41',NULL),(82,'L135','Sabonete Barra Confrei','',9.99,'2015-09-07 20:24:10','2015-09-07 20:24:10',NULL),(83,'S1675','Mascara Blond Matiz','',27.99,'2015-09-07 20:24:52','2015-09-07 20:24:52',NULL),(84,'1023','Oleo de Amla','',45.00,'2015-09-07 20:25:20','2015-09-07 20:25:20',NULL),(85,'R425','Hidrante cap 500ml','',29.00,'2015-09-07 20:26:12','2015-09-07 20:26:12',NULL),(86,'R381','Hidratante Cap 1Kg','',45.00,'2015-09-07 20:27:11','2015-09-07 20:27:11',NULL),(87,'T6250','Kit Moringa Oil','',93.99,'2015-09-07 20:39:41','2015-09-07 20:39:41',NULL),(88,'L124','Sabonete Sensação Arruda','',25.99,'2015-09-07 20:40:22','2015-09-07 20:40:22',NULL),(89,'T0518','Esmalte Nude Retro','',5.99,'2015-09-07 20:41:37','2015-09-07 20:41:37',NULL),(90,'T0502','Esmalte Branco','',5.99,'2015-09-07 20:41:57','2015-09-07 20:41:57',NULL),(91,'T6075','Pincel sombra','',9.99,'2015-09-07 20:42:31','2015-09-07 20:42:31',NULL),(92,'T3212','Gel Termico Menta','',11.99,'2015-09-07 20:43:01','2015-09-07 20:43:01',NULL),(93,'L166','Solução Dupé','',12.99,'2015-09-07 20:43:33','2015-09-07 20:43:33',NULL),(94,'L141','Gel de Arnica 100g','',17.99,'2015-09-07 20:43:58','2015-09-07 20:43:58',NULL),(95,'T4312','Gel Extra Forte Bom Doutor','',9.99,'2015-09-07 20:51:38','2015-09-07 20:51:38',NULL),(96,'T6251','Kit AntiCaspa','',44.97,'2015-09-07 20:52:09','2015-09-07 20:52:09',NULL),(97,'E3000','Super C 45g','',35.00,'2015-09-07 20:52:35','2015-09-07 20:52:35',NULL),(98,'E3023','Omega 3','',62.00,'2015-09-07 20:52:53','2015-09-07 20:52:53',NULL),(99,'E3008','Metabolism Control','',50.00,'2015-09-07 20:54:32','2015-09-07 20:54:32',NULL),(100,'T4300','Gel Extra Forte ','',16.99,'2015-09-07 20:55:59','2015-09-07 20:55:59',NULL),(101,'T5220','Mascara Moringa Oil','',29.99,'2015-09-07 20:56:40','2015-09-07 20:56:40',NULL),(102,'T5317','Umidificador Moringa Oil','',24.99,'2015-09-07 20:57:03','2015-09-07 20:57:03',NULL),(103,'S1406','Gel Bangkok','',7.00,'2015-09-07 20:57:47','2015-09-07 20:57:47',NULL),(104,'S1404','Gel Shangrila','',17.00,'2015-09-07 20:58:36','2015-09-07 20:58:36',NULL),(105,'S097','Creme Afinar Pés','',16.99,'2015-09-07 20:59:42','2015-09-07 20:59:42',NULL),(106,'S063','Gel Massagem Estética ','',17.99,'2015-09-07 21:00:04','2015-09-07 21:00:04',NULL),(107,'T4770','Clariance Corporal','',24.99,'2015-09-07 21:00:37','2015-09-07 21:00:37',NULL),(108,'T1013','Deocolonia Madeira do Oriente','',39.99,'2015-09-07 21:01:42','2015-09-07 21:01:42',NULL),(109,'S0232','Deo Colonia  Teen Juliette','',37.90,'2015-09-07 21:02:54','2015-09-07 21:02:54',NULL),(110,'T6700','Kit Prog Liss Profissional','',499.90,'2015-09-07 21:03:39','2015-09-07 21:03:39',NULL),(111,'1012','BBB Cream','',45.00,'2015-09-07 21:04:19','2015-09-07 21:04:19',NULL),(112,'1009','Massa Texturizante 500g','',29.99,'2015-09-07 21:05:24','2015-09-07 21:05:24',NULL),(113,'1031','Reparador de Pontas Queratina','',23.99,'2015-09-07 21:05:53','2015-09-07 21:05:53',NULL),(114,'C1112','Shampoo Mamona','',17.99,'2015-09-07 21:07:33','2015-09-07 21:07:33',NULL),(115,'C1098','Condicionador de Mamona','',17.99,'2015-09-07 21:07:55','2015-09-07 21:07:55',NULL),(116,'T6210','Kit Queratina','',95.96,'2015-09-07 21:09:14','2015-09-07 21:09:14',NULL),(117,'S1583','Gotas Mágicas','',13.99,'2015-09-07 21:09:40','2015-09-07 21:09:40',NULL),(118,'T5217','Máscara Silicone B-tox','',27.99,'2015-09-07 21:10:10','2015-09-07 21:10:10',NULL),(119,'S1585','Gotas Mágicas','',13.99,'2015-09-07 21:10:33','2015-09-07 21:10:33',NULL),(120,'T5213','Mascara Carga de Queratina','',26.99,'2015-09-07 21:10:53','2015-09-07 21:10:53',NULL),(121,'1026','Mascara de Amla','',48.99,'2015-09-07 21:11:37','2015-09-07 21:11:37',NULL),(122,'1019','Mascara Plastica','',41.99,'2015-09-07 21:12:07','2015-09-07 21:12:07',NULL),(123,'L55','Shampoo Composto Vegetal','',21.99,'2015-09-07 21:13:45','2015-09-07 21:13:45',NULL),(124,'T4311','Óleo Hortelã','',19.99,'2015-09-07 21:14:59','2015-09-07 21:14:59',NULL),(125,'T4012','Óleo Cravo','',14.99,'2015-09-07 21:15:22','2015-09-07 21:15:22',NULL),(126,'T3200','Sabonete Intimo Menta','',12.99,'2015-09-07 21:16:37','2015-09-07 21:16:37',NULL),(127,'T3300','Creme Barbear Black out','',10.99,'2015-09-07 21:17:04','2015-09-07 21:17:04',NULL),(128,'T6853','Kit Caliente','',71.98,'2015-09-07 21:17:45','2015-09-07 21:17:45',NULL),(129,'L121','Óleo Sedução','',18.99,'2015-09-07 21:18:01','2015-09-07 21:18:01',NULL),(130,'F6213','Serum','',27.99,'2015-09-07 21:18:40','2015-09-07 21:18:40',NULL),(131,'F6004','Loção de Lima','',9.99,'2015-09-07 21:19:02','2015-09-07 21:19:02',NULL),(132,'F5011','Sabone Intimo Aroeira','',16.99,'2015-09-07 21:19:22','2015-09-07 21:19:22',NULL),(133,'F0403','Deo Colonia Madeira do Oriente','',40.99,'2015-09-07 21:20:06','2015-09-07 21:20:06',NULL),(134,'T5005','Shampoo de Mandioca','',17.99,'2015-09-07 21:20:30','2015-09-07 21:20:30',NULL),(135,'T5105','Condicionador de Mandioca','',17.99,'2015-09-07 21:20:54','2015-09-07 21:20:54',NULL),(136,'L45','Shampoo Pecan','',20.99,'2015-09-07 21:25:19','2015-09-07 21:25:19',NULL),(137,'L46','Condicionador de Pecan','',20.99,'2015-09-07 21:25:34','2015-09-07 21:25:34',NULL),(138,'L47','Restaurador de Pecan','',12.99,'2015-09-07 21:25:53','2015-09-07 21:25:53',NULL),(139,'L48','Creme capilar Pecan','',18.99,'2015-09-07 21:26:14','2015-09-07 21:26:14',NULL),(140,'H1103','Máscara Batana','',37.00,'2015-09-07 21:26:35','2015-09-07 21:26:35',NULL),(141,'E3020','Oleo de Cartamo','',65.00,'2015-09-07 21:27:24','2015-09-07 21:27:24',NULL),(142,'R349','Deo Colonia Agitos','',52.00,'2015-09-07 21:28:15','2015-09-07 21:28:15',NULL),(143,'S058','Óleo para ressecamento dos pés','',11.99,'2015-09-07 21:29:12','2015-09-07 21:29:12',NULL),(144,'L117','Óleo de Mamona','',18.99,'2015-09-07 21:29:33','2015-09-07 21:29:33',NULL),(145,'L120','Óleo de Silicone','',18.99,'2015-09-07 21:32:42','2015-09-07 21:32:42',NULL),(146,'E3022','Óleo de Linhaça','',60.00,'2015-09-07 21:33:12','2015-09-07 21:33:12',NULL),(147,'F1007','Nutricap 7 ampolas','',39.99,'2015-09-07 21:33:47','2015-09-07 21:33:47',NULL),(148,'T5314','Óleo Argan','',52.99,'2015-09-07 21:34:17','2015-09-07 21:34:17',NULL),(149,'T0202','Batom Vinho','',16.99,'2015-09-07 21:35:12','2015-09-07 21:35:12',NULL),(150,'T0204','Batom Purpura','',16.99,'2015-09-07 21:35:34','2015-09-07 21:35:34',NULL),(151,'R289','Condicionador Bambu','',18.00,'2015-09-07 21:36:01','2015-09-07 21:36:01',NULL),(152,'R108','Mascara Bambu','',21.00,'2015-09-07 21:36:18','2015-09-07 21:36:18',NULL),(153,'T3210','Sabonete intimo maçã verde','',12.99,'2015-09-07 21:37:09','2015-09-07 21:37:09',NULL),(154,'L431','Sabonete Sensação Menta','',25.99,'2015-09-07 21:37:31','2015-09-07 21:37:31',NULL),(155,'T3207','Shampoo Intimo Aroeira 200ml','',16.99,'2015-09-07 21:38:48','2015-10-07 20:49:42',NULL),(156,'S069','Gel intimo Sofisticatto','',13.00,'2015-09-07 21:40:59','2015-09-07 21:40:59',NULL),(157,'T3220','Shampoo Intimo de Morango','',16.99,'2015-09-07 21:42:08','2015-10-07 20:56:38',NULL),(158,'E3001','Reforce Polivitamínico ','',55.00,'2015-09-07 21:44:42','2015-09-07 21:44:42',NULL),(159,'T0025','Protetor Labial','',7.99,'2015-09-07 21:45:20','2015-09-07 21:45:20',NULL),(160,'T3227','Desodorante Spray Aroeira','',10.99,'2015-09-07 21:45:56','2015-09-07 21:45:56',NULL),(161,'T3201','Sabonete Intimo Morango','',12.99,'2015-09-07 21:53:40','2015-09-07 21:53:40',NULL),(162,'T3240','Óleo Perfumado Sensual','',12.99,'2015-09-07 21:54:35','2015-09-07 21:54:35',NULL),(163,'R202','Shampoo Anticaspa','',19.00,'2015-09-07 21:55:15','2015-09-07 21:55:15',NULL),(164,'R270','Creme Capilar','',22.00,'2015-09-07 21:55:35','2015-09-07 21:55:35',NULL),(165,'C2000','Hidratante Vitamina E','',16.99,'2015-09-07 21:56:07','2015-09-07 21:56:07',NULL),(166,'F6112','Creme Omega Facial','',14.99,'2015-09-07 21:56:26','2015-09-07 21:56:26',NULL),(167,'R376','Oleo de Argan','',48.00,'2015-09-07 21:56:48','2015-09-07 21:56:48',NULL),(168,'T4420','Creme Urea','',12.99,'2015-09-07 21:57:06','2015-09-07 21:57:06',NULL),(169,'1018','Shampoo Plástica Reconstrutora','',26.99,'2015-09-08 01:08:04','2015-09-08 01:08:04',NULL),(170,'1020','Regenerador Plástica reconstrutora','',29.99,'2015-09-08 01:08:58','2015-09-08 01:08:58',NULL),(171,'C1044','Mascara Oleo de Argan','',37.99,'2015-09-08 01:09:49','2015-09-08 01:09:49',NULL),(172,'C1043','Condicionador Oleo de Argan','',23.99,'2015-09-08 01:11:50','2015-09-08 01:11:50',NULL),(173,'C1042','Shampoo Oleo de Argan','',23.99,'2015-09-08 01:12:19','2015-09-08 01:12:19',NULL),(174,'T5506','Serum Progressive Liss','',59.99,'2015-09-08 01:13:05','2015-09-08 01:13:05',NULL),(175,'L162','Creme Para Massagem','',55.99,'2015-09-08 01:13:29','2015-09-08 01:13:29',NULL),(176,'L144','Gel Fixador','',14.99,'2015-09-08 01:13:51','2015-09-08 01:13:51',NULL),(177,'T3224','Sabonete Barra Barbatimão','',8.99,'2015-09-08 01:15:44','2015-09-08 01:15:44',NULL),(178,'T4414','Hidratante Com Sebo de Carneiro','',12.99,'2015-09-08 01:16:14','2015-09-08 01:16:14',NULL),(179,'T4201','Ultra block','',37.99,'2015-09-08 01:16:52','2015-09-08 01:16:52',NULL),(180,'S1229','Colonia Opus','',34.90,'2015-09-08 01:17:17','2015-09-08 01:17:17',NULL),(181,'C1124','Creme Mamona','',10.99,'2015-09-08 01:17:33','2015-09-08 01:17:33',NULL),(182,'E3017','Mix Shake Morango','',65.00,'2015-09-08 01:20:14','2015-09-08 01:20:14',NULL),(183,'E3014','Mix Shake Abacaxi com Hortelã','',65.00,'2015-09-08 01:20:41','2015-09-08 01:20:41',NULL),(184,'T7009','Sabonete Liquido Frutas Vermelhas','',14.99,'2015-09-08 01:21:56','2015-09-08 01:21:56',NULL),(185,'T0506','Esmalte Goiaba','',5.99,'2015-09-08 01:22:49','2015-09-08 01:22:49',NULL),(186,'T0521','Esmalte Pimenta Rosa','',5.99,'2015-09-08 01:23:42','2015-09-08 01:23:42',NULL),(187,'L134','Sabonete Barra Aroeira','',9.99,'2015-09-08 01:24:11','2015-09-08 01:24:11',NULL),(188,'T0020','Batom Marrom Dourado','',12.99,'2015-09-08 01:26:15','2015-09-08 01:26:15',NULL),(189,'T0033','Batom Vinho tinto','',12.99,'2015-09-08 01:26:39','2015-09-08 01:26:39',NULL),(190,'T0032','Batom Boca Avelã','',12.99,'2015-09-08 01:26:59','2015-09-08 01:26:59',NULL),(191,'C1118','Creme de Mamona','',17.99,'2015-09-08 01:27:21','2015-09-08 01:27:21',NULL),(192,'T0511','Esmalte Marrom Dourado','',5.99,'2015-09-08 01:28:12','2015-09-08 01:28:12',NULL),(193,'1024','Shampoo de Amla','',27.99,'2015-09-08 01:29:48','2015-09-08 01:29:48',NULL),(194,'T3237','Beijo gostoso Morango','',14.99,'2015-09-08 01:31:32','2015-09-08 01:31:32',NULL),(195,'S1674','Shampoo Blond Matiz','',23.99,'2015-09-08 01:32:34','2015-09-08 01:32:34',NULL),(196,'S1390','Pomada Fogo do Dragão','',10.99,'2015-09-08 01:33:30','2015-09-08 01:33:30',NULL),(197,'S1250','Mini Sabonete Menta','',6.99,'2015-09-08 01:36:11','2015-09-08 01:36:11',NULL),(198,'T3217','Desodorante Spray Menta','',10.99,'2015-09-08 01:37:15','2015-09-08 01:37:15',NULL),(199,'T4011','Creme de Cravo','',11.99,'2015-09-08 01:37:54','2015-09-08 01:37:54',NULL),(200,'T6028','Demonstrador de Colonia','',24.69,'2015-09-08 01:38:45','2015-09-08 01:38:45',NULL),(201,'T4250','Óleo Rosa Mosqueta','',12.99,'2015-09-08 01:40:05','2015-09-08 01:40:05',NULL),(202,'L14','Creme Capilar Cenoura e Mel','',16.99,'2015-09-08 01:41:06','2015-09-08 01:41:06',NULL),(203,'H1610','Sabonete Intimo de Menta','',20.00,'2015-09-08 01:41:38','2015-09-08 01:41:38',NULL),(204,'T5312','Leite Defrizante B-tox','',24.99,'2015-09-08 01:42:46','2015-09-08 01:42:46',NULL),(205,'T5504','Relaxante Natural','',32.99,'2015-09-08 01:43:20','2015-09-08 01:43:20',NULL),(206,'T6615','Cx Ampola Nano Batana Oil','',52.99,'2015-09-08 01:43:58','2015-09-08 01:43:58',NULL),(207,'H1004','Leave-in Argan','',21.00,'2015-09-08 01:47:27','2015-09-08 01:47:27',NULL),(208,'T4202','Ultra Block Corporal','',32.99,'2015-09-08 01:49:09','2015-09-08 01:49:09',NULL),(209,'T4415','Hidratante Tartaruga','',12.99,'2015-09-08 01:51:06','2015-09-08 01:51:06',NULL),(210,'S1692','Batom Rosa','',15.99,'2015-09-08 01:56:03','2015-09-08 01:56:03',NULL),(211,'T0028','Batom Pink','',12.99,'2015-09-08 01:56:20','2015-09-08 01:56:20',NULL),(212,'L494','Shampoo Mulateiro','',25.99,'2015-09-08 01:56:55','2015-09-08 01:56:55',NULL),(213,'L496','Mascara Capilar Mulateiro','',29.99,'2015-09-08 01:57:20','2015-09-08 01:57:20',NULL),(214,'K1209','Carneirinho Creme Pés','',15.00,'2015-09-08 12:33:14','2015-09-08 12:33:14',NULL),(215,'F6021','Creme Liza Derm','',13.99,'2015-09-08 12:35:13','2015-09-08 12:35:13',NULL),(216,'C3023','Gel Alivium','',17.99,'2015-09-08 12:35:47','2015-09-08 12:35:47',NULL),(217,'C1045','Leave-in Oleo de Argan','',19.99,'2015-09-08 12:37:23','2015-09-08 12:37:23',NULL),(218,'C2019','Oleo de Amendoa','',14.99,'2015-09-08 12:37:55','2015-09-08 12:37:55',NULL),(219,'1017','Mascara Correct Color Silver','',33.99,'2015-09-08 12:38:40','2015-09-08 12:38:40',NULL),(220,'L301','Shake Baunilha ','',58.99,'2015-09-08 12:39:38','2015-09-08 12:39:38',NULL),(221,'H2408','Gel Vencedor','',16.00,'2015-09-08 12:41:10','2015-09-08 12:41:10',NULL),(222,'1005','Shampoo Detox','',24.99,'2015-09-08 13:45:25','2015-09-08 13:45:25',NULL),(223,'T4102','Esfoliante Facial Erva Doce','',9.99,'2015-09-08 13:46:01','2015-09-08 13:46:01',NULL),(224,'S1464','Mascara Alongadora','',16.99,'2015-09-08 13:46:26','2015-09-08 13:46:26',NULL),(225,'R281','Shampoo Alecrim','',18.00,'2015-09-08 13:46:42','2015-09-08 13:46:42',NULL),(226,'R282','Condicionador Alecrim','',18.00,'2015-09-08 13:47:06','2015-09-08 13:47:06',NULL),(227,'R411','Banho Creme 500ml','',26.00,'2015-09-08 13:47:28','2015-09-08 13:47:28',NULL),(228,'R380','Banho de Oleo 1kg','',42.00,'2015-09-08 13:47:53','2015-09-08 13:47:53',NULL),(229,'T3236','Gel Termico Picante Menta','',12.99,'2015-09-08 22:20:23','2015-09-08 22:20:23',NULL),(230,'T0065','Batom Atrevida','',16.99,'2015-09-08 22:23:36','2015-09-08 22:23:36',NULL),(231,'F0101','Creme Hid Delima','',15.99,'2015-09-08 22:25:34','2015-09-08 22:25:34',NULL),(232,'L140','Gel Alecrim','',18.99,'2015-09-08 22:32:54','2015-09-08 22:32:54',NULL),(233,'T4413','Creme de Amendoa e Mel 60g','',7.99,'2015-09-09 20:52:11','2015-09-09 20:52:11',NULL),(234,'S1515','Esmalte Alegria','',6.99,'2015-09-09 20:55:04','2015-09-09 20:55:04',NULL),(235,'S1516','Esmalte Tomate','',6.99,'2015-09-09 20:56:55','2015-09-09 20:56:55',NULL),(236,'S1517','Esmalte Paixão','',6.99,'2015-09-09 20:58:23','2015-09-09 20:58:23',NULL),(237,'S1521','Esmalte Balada','',6.99,'2015-09-09 20:58:49','2015-09-09 20:58:49',NULL),(238,'S1520','Esmalte Ametista','',6.99,'2015-09-09 20:59:17','2015-09-09 20:59:17',NULL),(239,'S1519','Esmalte Rubi','',6.99,'2015-09-09 20:59:49','2015-09-09 20:59:49',NULL),(240,'S1526','Esmalte Branco Neve','',6.99,'2015-09-09 21:00:21','2015-09-11 00:57:53',NULL),(241,'T4100','Hidratante Erva Doce','',10.99,'2015-09-09 21:00:51','2015-09-09 21:00:51',NULL),(242,'T0513','Esmalte Black','',5.99,'2015-09-09 21:01:42','2015-09-09 21:01:42',NULL),(243,'T0507','Esmalte Provocante','',5.99,'2015-09-09 21:02:06','2015-09-09 21:02:06',NULL),(244,'T0503','Esmalte Romantica','',5.99,'2015-09-09 21:02:28','2015-09-09 21:02:28',NULL),(245,'T0526','Esmalte Purpura','',5.99,'2015-09-09 21:03:03','2015-09-09 21:03:03',NULL),(246,'T0525','Esmalte Azul Caneta','',5.99,'2015-09-09 21:03:35','2015-09-09 21:03:35',NULL),(247,'T0527','Esmalte Berinjela','',5.99,'2015-09-09 21:05:08','2015-09-09 21:05:08',NULL),(248,'S1574','Gotas Mágicas Morango','',11.99,'2015-09-09 21:05:52','2015-09-09 21:05:52',NULL),(249,'S1397','Oleo Delirio Menta','',11.99,'2015-09-09 21:06:36','2015-09-09 21:06:36',NULL),(250,'S1527','Esmalte Pop','',6.99,'2015-09-09 21:08:06','2015-09-09 21:08:06',NULL),(251,'T4016','Clariance clareador Axilas','',24.99,'2015-09-10 22:34:14','2015-09-10 22:34:14',NULL),(252,'C2002','Hid Amolecedor de cuticulas','',13.99,'2015-09-10 22:35:57','2015-09-10 22:35:57',NULL),(253,'T3208','Sh Int Arruda 200 ml','',16.99,'2015-10-07 20:14:07','2015-10-07 20:14:07',NULL),(254,'T4112',' Dermotrat Hid Facial Rosa Mosqueta','',15.99,'2015-10-07 20:16:44','2015-10-07 20:16:44',NULL),(255,'T4015','Loçao Rosa Mosqueta','',14.99,'2015-10-07 20:17:57','2015-10-07 20:17:57',NULL),(256,'E3009','Natu Lipo','',50.00,'2015-10-07 20:19:40','2015-10-07 20:19:40',NULL),(257,'T6157','Kit Babosa','',59.96,'2015-10-07 20:23:06','2015-10-07 20:23:06',NULL),(258,'E3011','Cha Misto','',35.00,'2015-10-07 20:26:43','2015-10-07 20:26:43',NULL),(259,'A0105','Nutri Amargo Vitaminado','',40.00,'2015-10-07 20:28:14','2015-10-07 20:28:14',NULL),(260,'T4304','Oleo Copaiba','',8.99,'2015-10-07 20:33:38','2015-10-07 20:33:38',NULL),(261,'C3005','Hidratante Pé D+','',13.99,'2015-10-07 20:35:23','2015-10-21 00:19:30',NULL),(262,'T6189','Kit Fofura','',62.99,'2015-10-07 20:38:55','2015-10-07 20:38:55',NULL),(263,'T0064','Baton Encantada','',16.99,'2015-10-07 20:41:43','2015-10-07 20:41:43',NULL),(264,'C2027','Hid Vitamina E','',15.99,'2015-10-07 20:59:30','2015-10-07 20:59:30',NULL),(265,'C1123','Creme Pentear Jaborandi','',10.99,'2015-10-07 21:01:08','2015-10-07 21:01:08',NULL),(266,'T3214','Gotas de Desejo 2un','',9.99,'2015-10-07 21:04:12','2015-10-07 21:04:12',NULL),(267,'S1525','Esmalte Perola','',6.99,'2015-10-07 21:05:12','2015-10-07 21:05:12',NULL),(268,'S1664','Gotas Magicas Doçura','',13.99,'2015-10-07 21:06:36','2015-10-07 21:06:36',NULL),(269,'H1810','Sabonete Int Barbatimao','',20.00,'2015-10-07 21:07:48','2015-10-07 21:07:48',NULL),(270,'T5117','Cond  Moringa','',25.99,'2015-10-07 21:09:24','2015-10-07 21:09:24',NULL),(271,'T3226','Desod Spray Int Barbatimao','',10.99,'2015-10-07 21:14:14','2015-10-07 21:14:14',NULL),(272,'T6158','Kit Mamona','',59.96,'2015-10-07 21:16:16','2015-10-07 21:16:16',NULL),(273,'T2301','Lapis Sobrancelhas Marron','',14.99,'2015-10-07 21:17:32','2015-10-07 21:17:32',NULL),(274,'S1522','Esmalte Misterio','',6.99,'2015-10-07 21:27:11','2015-10-07 21:27:11',NULL),(275,'S1694','Baton Cereja','',15.99,'2015-10-07 21:31:33','2015-10-07 21:31:33',NULL),(276,'L479','Lapis Retratil','',15.99,'2015-10-07 21:35:55','2015-10-07 21:35:55',NULL),(277,'S1693','Baton Jasmine','',15.99,'2015-10-07 21:38:29','2015-10-07 21:38:29',NULL),(278,'S1691','Baton Violeta','',15.99,'2015-10-07 21:43:44','2015-10-07 21:43:44',NULL),(279,'R288','Sh Bambu','',18.00,'2015-10-07 21:44:51','2015-10-07 21:44:51',NULL),(280,'S1576','Gota Magica Lança Chamas','',11.99,'2015-10-07 21:46:20','2015-10-07 21:46:20',NULL),(281,'T4108','Esfoliante Facial Dermotrat','',12.99,'2015-10-07 21:47:23','2015-10-07 21:47:23',NULL),(282,'T4106','Mascara Plastica Facial Pepino','',12.99,'2015-10-07 21:53:29','2015-10-07 21:53:29',NULL),(283,'C1057','Leave-in Cachos','',29.99,'2015-10-07 22:14:58','2015-10-07 22:14:58',NULL),(284,'T5505','Defrizante Top Salon','',22.99,'2015-10-07 22:16:17','2015-10-07 22:16:17',NULL),(285,'T5009','Sh Carga Queratina','',24.99,'2015-10-07 22:17:31','2015-10-07 22:17:31',NULL),(286,'R277','Relaxante Natural','',26.00,'2015-10-07 22:23:11','2015-10-07 22:23:11',NULL),(287,'T3055','Spray Caliente','',14.99,'2015-10-07 22:27:14','2015-10-07 22:27:14',NULL),(288,'C3094','Loçao Mil Milagres','',10.99,'2015-10-07 22:28:35','2015-10-07 22:28:35',NULL),(289,'L133','Sabonete Barra Argila','',9.99,'2015-10-07 22:42:10','2015-10-07 22:42:10',NULL),(290,'T2302','Lapis Sobrancelhas Universal','',14.99,'2015-10-07 22:44:20','2015-10-07 22:44:20',NULL),(291,'L337','Colonia Perseu','',65.99,'2015-10-07 22:46:01','2015-10-07 22:46:01',NULL),(292,'F6215','Creme Clareador','',28.99,'2015-10-07 22:47:14','2015-10-07 22:47:14',NULL),(293,'T3003','Rolon Erva Doce','',8.99,'2015-10-07 22:48:01','2015-10-07 22:48:01',NULL),(294,'E3003','Dolomita Capsulas','',27.00,'2015-10-07 22:52:34','2015-10-07 22:52:34',NULL),(295,'T0062','Baton Irresistivel','',16.99,'2015-10-07 22:55:49','2015-10-07 22:55:49',NULL),(296,'T5501','Fluido Reparador','',12.99,'2015-10-07 22:57:25','2015-10-07 22:57:25',NULL),(297,'E3019','Oleo de Alho','',45.00,'2015-10-07 22:58:57','2015-10-07 22:58:57',NULL),(298,'T2004','Hid Labial Rollon Cacau','',9.99,'2015-10-07 23:06:54','2015-10-07 23:06:54',NULL),(299,'C1041','Oleo Argan 40ml','',39.99,'2015-10-07 23:10:14','2015-10-07 23:10:14',NULL),(300,'B1010','Natgel','',19.00,'2015-10-07 23:11:08','2015-10-07 23:11:08',NULL),(301,'T5208','Mascara Hair Trat','',17.99,'2015-10-07 23:12:11','2015-10-07 23:12:11',NULL),(302,'T1107','Colonia Rouge Femme','',44.99,'2015-10-07 23:15:25','2015-10-07 23:15:25',NULL),(303,'T5016','Sh Anticaspa Bom Doutor','',18.99,'2015-10-07 23:31:17','2015-10-07 23:31:17',NULL),(304,'S036','Sh Anti-Queda','',21.60,'2015-10-07 23:34:06','2015-10-07 23:34:06',NULL),(305,'S1584','Gotas Magicas Fogo do Dragao','',13.99,'2015-10-08 01:20:50','2015-10-08 01:20:50',NULL),(306,'S1575','Gotas Magicas Chocolate','',11.99,'2015-10-08 01:21:56','2015-10-08 01:21:56',NULL),(307,'S980','Baton Boca Intenso','',15.99,'2015-10-08 01:23:23','2015-10-08 01:23:23',NULL),(308,'L214','Baton Atraente','',13.99,'2015-10-08 01:24:19','2015-10-08 01:24:19',NULL),(309,'L215','Baton Sedutora','',13.99,'2015-10-08 01:25:27','2015-10-08 01:25:27',NULL),(310,'L211','Baton Vibrante','',13.99,'2015-10-08 01:26:20','2015-10-08 01:26:20',NULL),(311,'S1394','Oleo Mass. Morango','',11.99,'2015-10-08 01:37:54','2015-10-08 01:37:54',NULL),(312,'S034','Mascara Mix','',23.90,'2015-10-08 01:38:53','2015-10-08 01:38:53',NULL),(313,'S1554','Sab Corporal Ella Aroeira','',14.90,'2015-10-08 01:41:04','2015-10-08 01:41:04',NULL),(314,'T4900','Esponja Removedora','',14.99,'2015-10-08 01:42:26','2015-10-08 01:42:26',NULL),(315,'L430','Aromatizante Ambiente Rosas','',23.99,'2015-10-08 01:43:44','2015-10-08 01:43:44',NULL),(316,'T4018','Hid Extrato Nat. Morango','',27.99,'2015-10-08 01:50:20','2015-10-08 01:50:20',NULL),(317,'T7000','Sab. Liq. Erva Doce','',14.99,'2015-10-08 01:51:28','2015-10-08 01:51:28',NULL),(318,'R284','Escova de Verniz','',37.00,'2015-10-08 01:57:47','2015-10-08 01:57:47',NULL),(319,'R373','Banho Creme 1kg','',41.00,'2015-10-08 01:59:03','2015-10-08 01:59:03',NULL),(320,'R121','Oleo para cabelo','',18.00,'2015-10-08 02:00:18','2015-12-08 23:55:58',NULL),(321,'T5603','Sh Plastica Capilar','',66.90,'2015-10-08 02:02:39','2015-10-08 02:02:39',NULL),(322,'1011','Reforma Capilar','',23.99,'2015-10-08 02:04:51','2015-10-08 02:04:51',NULL),(323,'E3038','Slim Fit','',40.00,'2015-10-08 02:05:56','2015-10-08 02:05:56',NULL),(324,'S070','Sab Int Menta','',13.99,'2015-10-08 02:08:07','2015-10-08 02:08:07',NULL),(325,'1001','Shamplex','',24.90,'2015-10-08 02:09:24','2015-10-08 02:09:24',NULL),(326,'1002','Detangle','',28.90,'2015-10-08 02:10:41','2015-10-08 02:10:41',NULL),(327,'T6271','Kit Argan','',89.96,'2015-10-08 02:11:30','2015-10-08 02:11:30',NULL),(328,'1039',' Kit Correct Color Silver','',89.97,'2015-10-08 02:24:04','2015-10-08 02:24:04',NULL),(329,'S1461','Po Compacto Hd Clara','',15.99,'2015-10-08 02:29:12','2015-10-08 02:29:12',NULL),(330,'L39','Restaurador Mamona e Babosa','',12.99,'2015-10-08 02:34:49','2015-10-08 02:34:49',NULL),(331,'T5104','Cond. Mamona','',17.99,'2015-10-08 02:36:08','2015-10-08 02:36:08',NULL),(332,'T5004','Sh Mamona','',17.99,'2015-10-08 02:36:47','2015-10-08 02:36:47',NULL),(333,'T5013','Sh B.Tox Capilar','',24.99,'2015-10-08 02:40:14','2015-10-08 02:40:14',NULL),(334,'T5316','Leite Defrizante Nanorreparador','',24.99,'2015-10-08 02:42:13','2015-10-08 02:42:13',NULL),(335,'E3047','Serene','',80.00,'2015-10-08 02:44:52','2015-10-08 02:44:52',NULL),(336,'C1008','Tratamento Capilar 7 Semanas','',35.99,'2015-10-08 02:47:23','2015-10-08 02:47:23',NULL),(337,'L226','Trio Sombras Intimidade','',22.90,'2015-10-08 02:50:25','2015-10-08 02:50:25',NULL),(338,'T0060','Baton Fatal','',16.99,'2015-10-08 02:54:38','2015-10-08 02:54:38',NULL),(339,'T2801','Po Compacto MClaro','',22.99,'2015-10-08 02:56:15','2015-10-08 02:56:15',NULL),(340,'T6074','Pincel Base','',19.99,'2015-10-08 02:58:10','2015-10-08 02:58:10',NULL),(341,'T6072','Pincel Po','',27.99,'2015-10-08 02:59:28','2015-10-08 02:59:28',NULL),(342,'T0034','Baton Mauve','',12.99,'2015-10-08 03:01:44','2015-10-08 03:04:59',NULL),(343,'C3077','Gel Arnica','',13.99,'2015-10-08 11:39:33','2015-10-08 11:39:33',NULL),(344,'F1018','Col Mr John','',43.90,'2015-10-08 11:40:38','2015-10-08 11:40:38',NULL),(345,'T3060','desod Spray Vous','',14.99,'2015-10-08 11:46:24','2015-10-08 11:46:24',NULL),(346,'T3057','Desod Spray Speciale','',14.99,'2015-10-08 11:47:55','2015-10-08 11:47:55',NULL),(347,'S0141','Deo  Colonia Sexy Fresh','',35.99,'2015-10-08 11:52:14','2015-10-08 11:52:14',NULL),(348,'B1001','Sab Int Açai','',17.00,'2015-10-08 11:55:43','2015-10-08 11:55:43',NULL),(349,'T3058','Desod Spray Black  Urban','',14.99,'2015-10-08 12:00:41','2015-10-08 12:00:41',NULL),(350,'S1523','Esmalte Onix','',6.99,'2015-10-08 12:03:06','2015-10-08 12:03:06',NULL),(351,'T5205','Banho Creme Mandioca','',17.99,'2015-10-08 12:04:28','2015-10-08 12:04:28',NULL),(352,'T5305','Anti Frizz Mandioca','',10.99,'2015-10-08 12:05:29','2015-10-08 12:05:29',NULL),(353,'F0211','Sh For Kids','',25.99,'2015-10-08 12:13:21','2015-10-08 12:13:21',NULL),(354,'F0212','Cond For Kids','',25.99,'2015-10-08 12:14:23','2015-10-08 12:14:23',NULL),(355,'T5115','Cond Nano Oil','',29.99,'2015-10-08 12:15:54','2015-10-08 12:15:54',NULL),(356,'C3030','Creme Hid Maos e Pes com Mel','',13.99,'2015-10-08 12:22:27','2015-10-08 12:22:27',NULL),(357,'N400','Pomada Nutriflor','',0.00,'2015-10-08 12:26:26','2015-10-08 12:26:26',NULL),(358,'C3015','Oleo de Pernas','',13.99,'2015-10-08 12:28:01','2015-10-08 12:28:01',NULL),(359,'T3213','Gel Termico Morango','',11.99,'2015-10-08 12:32:26','2015-10-08 12:32:26',NULL),(360,'T5315','Oleo Nano Oil-Batana Oil','',52.99,'2015-10-08 16:54:31','2015-10-08 16:54:31',NULL),(361,'R116','Creme Hid Vinho Therapy','',33.00,'2015-10-08 16:56:42','2015-10-08 16:56:42',NULL),(362,'E3042','Ultra Goji','',80.00,'2015-10-08 17:07:57','2015-10-08 17:07:57',NULL),(363,'T2406','Sombra em po Prata','',9.99,'2015-10-08 17:15:30','2015-10-08 17:15:30',NULL),(364,'T3235','Gel Termico Picante Morango','',12.99,'2015-10-08 17:17:04','2015-10-08 17:17:04',NULL),(365,'S582','Oleo Corporal Hot Menta','',12.99,'2015-10-08 17:18:59','2015-10-08 17:18:59',NULL),(366,'S789','Oleo Love Amarula','',12.99,'2015-10-08 17:20:19','2015-10-08 17:20:19',NULL),(367,'S1405','Gel Mil e Uma Noites Istambul','',7.00,'2015-10-08 17:22:17','2015-10-08 17:22:17',NULL),(368,'S1558','Oleo Spray Shock Plus Morango','',25.90,'2015-10-08 17:23:47','2015-10-08 17:25:42',NULL),(369,'S1323','Oleo Spray Love Fire','',13.99,'2015-10-08 17:27:35','2015-10-08 17:27:35',NULL),(370,'E3021','Oleo de coco','',60.00,'2015-10-08 17:28:53','2015-10-08 17:28:53',NULL),(371,'T2404','Sombra em po Branca','',9.99,'2015-10-08 17:32:39','2015-10-08 17:32:39',NULL),(372,'S1610','Creme Sebo de Carneiro Pes SPA','',17.99,'2015-10-08 17:38:46','2015-10-08 17:38:46',NULL),(373,'S052','Creme Afinar Pes','',14.99,'2015-10-08 17:40:05','2015-10-08 17:40:05',NULL),(374,'F5002','Sab Int Menta','',14.99,'2015-10-08 17:41:41','2015-10-08 17:41:41',NULL),(375,'H1710','Sab Int Arruda','',20.00,'2015-10-08 17:42:51','2015-10-08 17:42:51',NULL),(376,'1013','Serum Operaçao Resgate','',24.99,'2015-10-08 22:45:44','2015-10-08 22:45:44',NULL),(377,'T0504','Esmalte Irresistivel','',5.99,'2015-11-08 18:08:33','2015-11-08 18:08:33',NULL),(378,'T0508','Esmalte Fatal','',5.99,'2015-11-08 18:10:41','2015-11-08 18:10:41',NULL),(379,'T0509','Esmalte Cereja','',5.99,'2015-11-08 18:11:56','2015-11-08 18:11:56',NULL),(380,'T0520','Esmalte Framboesa','',5.99,'2015-11-08 18:15:06','2015-11-08 18:15:06',NULL),(381,'T2510','Mascara Black','',19.99,'2015-11-08 18:18:46','2015-11-08 18:18:46',NULL),(382,'T7500','Colonia Fofura','',29.99,'2015-11-08 18:20:48','2015-11-08 18:23:25',NULL),(383,'T6620','Kit Erva Doce','',39.96,'2015-11-08 18:26:28','2015-11-08 18:26:28',NULL),(384,'L160','Creme Dupe','',14.99,'2015-11-08 18:28:13','2015-11-08 18:28:13',NULL),(385,'L40','Creme Capilar','',18.99,'2015-11-08 18:30:04','2015-11-08 18:30:04',NULL),(386,'E3016','Mix Shake Chocolate Suiço','',65.00,'2015-11-08 18:33:57','2015-11-08 18:33:57',NULL),(387,'S1471','Sombra Tropical verde','',12.99,'2015-11-08 18:35:32','2015-11-08 18:35:32',NULL),(388,'S1560','Gloss Labial Pink','',15.99,'2015-11-08 18:36:43','2015-11-08 18:36:43',NULL),(389,'B1005','Sabonete Bell Corpus Menta','',17.00,'2015-11-08 18:40:18','2015-11-08 18:40:18',NULL),(390,'T6040','Bolsa Marrom','',11.69,'2015-11-08 18:41:59','2015-11-08 18:41:59',NULL),(391,'T6255','Kit Progressive','',99.99,'2015-11-08 18:45:25','2015-11-08 18:45:25',NULL),(392,'S031','Mix Sh 17 Ervas','',22.90,'2015-11-08 19:06:44','2015-11-08 19:06:44',NULL),(393,'S1403','Gel Mil  e Uma Noite Xangai','',7.00,'2015-11-08 19:12:37','2015-11-08 19:12:37',NULL),(394,'C2014','Gel Creme Facial Pepino','',11.99,'2015-11-08 19:14:56','2015-11-08 19:14:56',NULL),(395,'C2013','Mascara Facial Argila','',11.99,'2015-11-08 19:16:04','2015-11-08 19:16:04',NULL),(396,'T4305','Oleo de Arnica','',8.99,'2015-11-08 19:17:33','2015-11-08 19:17:33',NULL),(397,'T6168','Kit Quiabo','',59.96,'2015-11-08 19:24:28','2015-11-08 19:24:28',NULL),(398,'T2400','Sombra em po Bronze','',9.99,'2015-11-08 19:31:21','2015-11-08 19:31:21',NULL),(399,'L410','Sabonete Cremoso Marula','',19.99,'2015-11-08 20:01:26','2015-11-08 20:01:26',NULL),(400,'T5207','Banho de Creme Quiabo','',17.99,'2015-11-08 20:07:29','2015-11-08 20:07:29',NULL),(401,'S072','Deo Colonia Romanza','',35.99,'2015-11-08 20:29:02','2015-11-08 20:29:02',NULL),(402,'S983','Baton Cobre','',15.99,'2015-11-08 20:31:37','2015-11-08 20:31:37',NULL),(403,'S981','Baton Bronze','',15.99,'2015-11-08 20:32:25','2015-11-08 20:32:25',NULL),(404,'E3039','Mix Shake Açai com Banana','',65.00,'2015-11-08 20:34:52','2015-11-08 20:34:52',NULL),(405,'T2800','Po Compacto Claro','',22.99,'2015-11-08 20:43:11','2015-11-08 20:43:11',NULL),(406,'T6278','Kit B.tox','',95.96,'2015-11-08 20:45:59','2015-11-08 20:45:59',NULL),(407,'S884','Oleo Corpral Ice Menta','',12.99,'2015-11-08 20:49:26','2015-11-08 20:49:26',NULL),(408,'T3225','Sabonete em Barra Aroeira','',8.99,'2015-11-08 21:02:05','2015-11-08 21:02:05',NULL),(409,'1044','Reparador de Pontas ','',23.99,'2015-11-08 21:04:24','2015-11-08 21:04:24',NULL),(410,'L450','Aromatizante Bucal Tuti Fruti','',16.99,'2015-11-08 21:11:42','2015-11-08 21:11:42',NULL),(411,'S1318','Oleo Love Morango','',12.99,'2015-11-08 21:24:49','2015-11-08 21:24:49',NULL),(412,'L236','Po Compacto Bege Medio','',23.99,'2015-11-08 21:30:30','2015-11-08 21:30:30',NULL),(413,'K1406','Argila Verde em po','',40.00,'2015-11-08 21:34:56','2015-11-08 21:34:56',NULL),(414,'C1096','Condicionador Camomila','',17.99,'2015-11-08 21:37:33','2015-11-08 21:37:33',NULL),(415,'C1108','Shampoo Camomila','',17.99,'2015-11-08 21:38:27','2015-11-08 21:38:27',NULL),(416,'F2307 ','Desodorante Roll-on Controle','',12.99,'2015-11-08 21:40:48','2015-11-08 21:40:48',NULL),(417,'T3006','Desodorante Roll-on Blue','',8.99,'2015-11-08 21:42:07','2015-11-08 21:42:07',NULL),(418,'T3001','Desodorante Roll-on Black Out','',8.99,'2015-11-08 21:43:25','2015-11-08 21:43:25',NULL),(419,'1040','Kit  Plastica Reconstrutora','',123.96,'2015-11-08 21:46:09','2015-11-08 21:46:09',NULL),(420,'T0021','Baton Ameixa','',12.99,'2015-11-09 02:01:46','2015-11-09 02:01:46',NULL),(421,'S1472','Sombra Balada Rosa','',12.99,'2015-11-09 02:03:30','2015-11-09 02:03:30',NULL),(422,'C1081','Creme Capilar 7 Semanas','',10.99,'2015-11-09 02:05:38','2015-11-09 02:05:38',NULL),(423,'T1012','Deo Colonia Black Urban','',59.99,'2015-11-09 02:11:01','2015-11-09 02:11:01',NULL),(424,'S080','Deo Colonia Sexy Ele','',34.99,'2015-11-09 02:13:47','2015-11-09 02:13:47',NULL),(425,'C6009','Deo Colonia Kaiene','',55.99,'2015-11-09 02:15:27','2015-11-09 02:15:27',NULL),(426,'T3050','Desodorante Spray Black Out','',14.99,'2015-11-09 02:17:31','2015-11-09 02:17:31',NULL),(427,'T5003','Shampoo Babosa','',17.99,'2015-11-09 02:37:28','2015-11-09 02:37:28',NULL),(428,'T2300','Lapis Delineador Preto','',14.99,'2015-11-09 02:41:25','2015-11-09 02:41:25',NULL),(429,'S083','Sab. Liquido Int. Morango','',13.99,'2015-11-09 02:44:24','2015-11-09 02:44:24',NULL),(430,'C9055','Kit Cachos Perfeitos','',138.99,'2015-11-09 02:46:12','2015-11-09 02:46:12',NULL),(431,'S448 ','Gel Copaiba','',15.90,'2015-11-09 02:48:07','2015-11-09 02:48:07',NULL),(432,'1043','Kit Queratinizaçao','',139.99,'2015-11-09 02:50:26','2015-11-09 02:50:26',NULL),(433,'R297','Kit Liss Intense','',113.00,'2015-11-10 19:13:23','2015-11-10 19:13:23',NULL),(434,'T5206','Coquetel de Frutas','',17.99,'2015-12-08 23:29:42','2015-12-08 23:29:42',NULL),(435,'C1017','Oleo de Mamona','',14.99,'2015-12-08 23:32:10','2015-12-08 23:32:10',NULL),(436,'T3229','Gel Ice','',12.99,'2015-12-08 23:41:36','2015-12-08 23:41:36',NULL),(437,'S685','Filtro Solar Protesol','',39.99,'2015-12-08 23:47:08','2015-12-08 23:47:08',NULL),(438,'S496','Esf. Corporal Manga c/ bucha','',21.99,'2015-12-08 23:49:18','2015-12-08 23:49:18',NULL),(439,'R122','Creme de Oleo de Coco','',22.00,'2015-12-08 23:56:45','2015-12-08 23:56:45',NULL),(440,'F8117','Kit Protect Blond','',69.00,'2015-12-08 23:59:51','2015-12-08 23:59:51',NULL),(441,'F2015','Kit  Botox X Capilar','',120.00,'2015-12-09 00:02:27','2015-12-09 00:02:27',NULL),(442,'S833','Oleo Love Menta','',12.99,'2015-12-09 00:18:22','2015-12-09 00:18:22',NULL),(443,'C1120','Creme P/ Trat Silicone','',17.99,'2015-12-09 00:20:14','2015-12-09 00:20:14',NULL),(444,'L482','Corretivo Pele Morena Clara','',14.72,'2015-12-09 00:24:53','2015-12-09 00:24:53',NULL),(445,'S088','Gel Mass. Arnica','',15.90,'2015-12-09 00:30:05','2015-12-09 00:30:05',NULL),(446,'L114','Oleo de Arnica','',19.99,'2015-12-09 00:31:14','2015-12-09 00:31:14',NULL),(447,'S583','Oleo Corporal Hot Morando','',12.99,'2015-12-09 00:33:42','2015-12-09 00:33:42',NULL),(448,'R137','Intensificador de Brilho','',33.00,'2015-12-09 00:35:51','2015-12-09 00:35:51',NULL),(449,'S073','Deo Col Seduçao','',39.90,'2015-12-09 01:01:21','2015-12-09 01:01:21',NULL),(450,'T5007','Sh Quiabo','',17.99,'2015-12-09 01:05:31','2015-12-09 01:05:31',NULL),(451,'S074','Deo Col Ivy','',40.99,'2015-12-09 01:10:11','2015-12-09 01:10:11',NULL),(452,'T5110','Cond  Gordura de Ra','',17.99,'2015-12-09 01:19:35','2015-12-09 01:19:35',NULL),(453,'T5010','Sh Gordura de Ra','',17.99,'2015-12-09 01:20:50','2015-12-09 01:20:50',NULL),(454,'1025','Condicionador Amla','',28.99,'2015-12-09 01:24:17','2015-12-09 01:24:17',NULL),(455,'T0061','Baton Provocante','',16.99,'2015-12-09 01:29:43','2015-12-09 01:29:43',NULL),(456,'T0201','Baton Fucsia','',16.99,'2015-12-09 01:30:43','2015-12-09 01:30:43',NULL),(457,'T2003','Brilho Labial','',9.99,'2015-12-09 01:32:56','2015-12-09 01:32:56',NULL),(458,'T5310','Finalizador Gordura de Ra','',10.99,'2015-12-09 01:44:52','2015-12-09 01:44:52',NULL),(459,'T5012','Sh Argan','',22.99,'2015-12-09 01:46:51','2015-12-09 01:46:51',NULL),(460,'R269','Max-Creme Glicerinado','',22.00,'2015-12-09 02:11:51','2015-12-09 02:11:51',NULL),(461,'S829','Oleo Love Uva','',12.99,'2015-12-09 02:18:06','2015-12-09 02:18:06',NULL),(462,'T1014','Deo Col Blue Masc','',56.99,'2015-12-09 02:43:08','2015-12-09 02:43:08',NULL),(463,'S0682','Deo Col Logus','',35.90,'2015-12-09 02:47:46','2015-12-09 02:47:46',NULL),(464,'E3007','Levedo de Cerveja','',35.00,'2015-12-09 02:52:42','2015-12-09 02:52:42',NULL),(465,'T5113','Condicionador B. Tox Capilar','',25.99,'2015-12-09 13:03:02','2015-12-09 13:03:02',NULL),(466,'T6234','Kit Gordura de Ra','',59.96,'2015-12-09 13:07:45','2015-12-09 13:07:45',NULL),(467,'T0002','Bt Vermelho Vinho','',12.99,'2015-12-09 13:10:11','2015-12-09 13:10:11',NULL),(468,'L206','Bt Delicada','',13.99,'2015-12-09 13:11:28','2015-12-09 13:11:28',NULL),(469,'S229','Gel Mass. Erva St Maria','',15.90,'2015-12-09 13:13:26','2015-12-09 13:13:26',NULL),(470,'F6010','Massagel de Arnica','',17.99,'2015-12-09 13:19:02','2015-12-09 13:19:02',NULL),(471,'R214','Creme Hidrataçao Maxima','',19.00,'2015-12-09 13:44:08','2015-12-09 13:44:08',NULL),(472,'T5008','Sh Alho','',17.99,'2015-12-09 13:49:41','2015-12-09 13:49:41',NULL),(473,'T5108','Cond Alho','',17.99,'2015-12-09 13:50:46','2015-12-09 13:53:49',NULL),(474,'T5107','Cond Quiabo','',17.99,'2015-12-09 13:52:30','2015-12-09 13:52:30',NULL),(475,'T0007','Baton Vermelho','',12.99,'2015-12-09 17:03:00','2015-12-09 17:03:00',NULL),(476,'S1665','Gotas Magicas Total Sexy','',13.99,'2015-12-09 17:07:31','2015-12-09 17:07:31',NULL),(477,'R410','Banho de Oleo 500ml','',28.00,'2015-12-09 17:09:23','2015-12-09 17:09:23',NULL),(478,'L231','Gloss Labial Pink','',14.99,'2015-12-09 17:12:08','2015-12-09 17:12:08',NULL),(479,'L57','Restaurador Composto Vegetal','',12.99,'2015-12-09 17:20:29','2015-12-09 17:20:29',NULL),(480,'L59','Creme Composto vegetal 900g','',29.99,'2015-12-09 17:22:40','2015-12-09 17:22:40',NULL),(481,'C1114','Sh Silicone','',17.99,'2015-12-09 17:33:03','2015-12-09 17:33:03',NULL),(482,'C1100','Cond Silicone','',17.99,'2015-12-09 17:34:30','2015-12-09 17:34:30',NULL);
/*!40000 ALTER TABLE `produtos` ENABLE KEYS */;
UNLOCK TABLES;

--
-- Table structure for table `revendedoras`
--

DROP TABLE IF EXISTS `revendedoras`;
/*!40101 SET @saved_cs_client     = @@character_set_client */;
/*!40101 SET character_set_client = utf8 */;
CREATE TABLE `revendedoras` (
  `id` int(10) unsigned NOT NULL AUTO_INCREMENT,
  `codigo` int(11) NOT NULL,
  `nome` varchar(200) COLLATE utf8_unicode_ci NOT NULL,
  `cpf` varchar(15) COLLATE utf8_unicode_ci NOT NULL,
  `rg` varchar(15) COLLATE utf8_unicode_ci NOT NULL,
  `nascimento` date NOT NULL,
  `telefone` varchar(16) COLLATE utf8_unicode_ci NOT NULL,
  `telefone2` varchar(16) COLLATE utf8_unicode_ci DEFAULT NULL,
  `telefone3` varchar(16) COLLATE utf8_unicode_ci DEFAULT NULL,
  `endereco` varchar(150) COLLATE utf8_unicode_ci NOT NULL,
  `bairro` varchar(150) COLLATE utf8_unicode_ci NOT NULL,
  `cep` varchar(9) COLLATE utf8_unicode_ci NOT NULL,
  `cidade` varchar(150) COLLATE utf8_unicode_ci NOT NULL,
  `uf` char(2) COLLATE utf8_unicode_ci NOT NULL,
  `created_at` timestamp NOT NULL DEFAULT '0000-00-00 00:00:00',
  `updated_at` timestamp NOT NULL DEFAULT '0000-00-00 00:00:00',
  `deleted_at` timestamp NULL DEFAULT NULL,
  PRIMARY KEY (`id`)
) ENGINE=InnoDB AUTO_INCREMENT=76 DEFAULT CHARSET=utf8 COLLATE=utf8_unicode_ci;
/*!40101 SET character_set_client = @saved_cs_client */;

--
-- Dumping data for table `revendedoras`
--

LOCK TABLES `revendedoras` WRITE;
/*!40000 ALTER TABLE `revendedoras` DISABLE KEYS */;
INSERT INTO `revendedoras` VALUES (1,2122,'MARIA LUCIA FERNANDES DE OLIVEIRA','000.000.000-00','INSERIR RG','1968-04-19','66-3401-4730','66-9216-6530','','Rua 27, N 74','Santo Antonio','78600-000','Barra do Garças','MT','2015-08-05 19:47:57','2015-08-22 19:23:01',NULL),(2,2159,'Ana Gomes da Silva','000.000.000-01','INSERIR RG','0001-11-30','66-9207-0044','','','Rua dos alpes, 1779','Sao Sebastiao','78600-000','Barra do Garças','MT','2015-08-05 19:47:57','2015-08-21 20:10:49',NULL),(3,4514,'Ana Ribeiro Da Fonseca Santos','000.000.000-03','INSERIR RG','1967-04-02','66-9202-6513','','','Rua Mato Grosso  n 1900','Uniao','78600-000','Barra do Garças','MT','2015-08-05 19:47:57','2015-08-21 20:14:34',NULL),(4,4872,'Aldacy Pereira de Souza','000.000.000-03','INSERIR RG','0000-00-00','66-9234-0960','','','Rua Vitorio Pereira, 577','BAIRRO','78600-000','Barra do Garças','MT','2015-08-05 19:47:57','2015-08-10 23:24:49',NULL),(5,2501,'Antonia Dutra do Nascimento Cruz','459.851.701-87','423655 ssp mt','1960-01-13','66-3407-1809','66-9969-7159','','Rua 23, N 265','Sto Antonio','78600-000','Barra do Garças','MT','2015-08-05 19:47:57','2015-08-21 20:18:12',NULL),(6,2886,'Claudia Lopes Dumam','000.000.000-05','INSERIR RG','0001-11-30','66-9231-1693','','','Rua E','Jd Araguaia','78600-000','Barra do Garças','MT','2015-08-05 19:47:57','2015-08-21 20:39:15',NULL),(7,4267,'Doracina Moraes de Sousa','064.901.311-53','277562 SSP-MT','1940-06-02','66-3407-2596','66-9281-4247','','Rua 18 Gal. Carneiro, N 638','Sto Antonio','78600-000','Barra do Garças','MT','2015-08-05 19:47:57','2015-08-21 20:54:55',NULL),(8,4342,'Eucilla Francisa Silva','460.722.251-87','673917','1959-04-26','66-3401-6158','','','Rua Laudelino Souza Santos n 1003','Jd Domingos Mariano','78600-000','Barra do Garças','MT','2015-08-05 19:47:57','2015-08-22 19:45:06',NULL),(9,4564,'Elizabeth Maria de Matos Santos','138.611.231-34','1212614-4 SSP/M','1955-04-07','66-9212-8829','','','Rua Sao Benedito n 404','Cristino Cortes','78600-000','Barra do Garças','MT','2015-08-05 19:47:57','2015-08-22 19:42:07',NULL),(10,4784,'Eder Maquex Scheel','000.000.000-10','INSERIR RG','0001-11-30','66-9223-8729','','','ENDEREÇO','BAIRRO','78600-000','Barra do Garças','MT','2015-08-05 19:47:57','2015-08-21 21:08:36',NULL),(11,5155,'Eliana Martins Rezende','620.893.661-68','1090207-4 SSP -','0000-00-00','66-9205-1261','66-9999-9275','','Rua Grande Universo n 1615','Jd Nova Barra Sul','78600-000','Barra do Garças','MT','2015-08-05 19:47:57','2015-08-22 19:02:02',NULL),(12,5289,'Eliete Lima Matos','474.449.321-15','330-191 SSP MT','1949-01-13','66-9247-4713','','','Rua Liberdade, 206','Centro','78600-000','Barra do Garças','MT','2015-08-05 19:47:57','2015-08-22 19:38:52',NULL),(13,5194,'Elidia Dos Santos Bueno','487.811.931-49','732973 SSP/MT','1961-08-06','66-9240-1408','66-9911-4355','','Rua Serra Azul Q 9 Lt 01','Vila Varjao','78600-000','Barra do Garças','MT','2015-08-05 19:47:57','2015-08-22 19:34:21',NULL),(14,5133,'Gislaine Pereira da Silva','879.897.001-15','1133937-3','1979-04-10','66-9239-6426','66-9649-8053','66-9205-5857','Rua Dr Jose Morbeck n 208','Sto Antonio','78600-000','Barra do Garças','MT','2015-08-05 19:47:57','2015-08-22 19:58:18',NULL),(15,3778,'Helia Quirino Teixeira','378.261.541-49','526466','1966-02-04','66-3401-3880','66-9221-2280','','Rua 27 n 1008','Pitaluga','78600-000','Barra do Garças','MT','2015-08-05 19:47:57','2015-08-22 20:03:23',NULL),(16,4955,'Iracilda Silva de Oliveira','208.741.201-44','0046088-5','1947-12-26','66-3401-5624','','','Rua Fillinto Muller','Alto Boa Vista','78600-000','Barra do Garças','MT','2015-08-05 19:47:58','2015-08-22 20:09:48',NULL),(17,4158,'Jacqueline Martins dos Santos','011.208.611-01','16742745 SSP/MT','1985-11-22','66-9238-0025','','','Rua 27 n 69 ','Sto Antonio','78600-000','Barra do Garças','MT','2015-08-05 19:47:58','2015-08-22 20:40:15',NULL),(18,5600,'Joana Darc Nero','378.335.021-20','5733418','1944-05-20','66-9211-2948','66-9951-2857','','Rua Recanto da Serra n 88','Pitaluga','78600-000','Barra do Garças','MT','2015-08-05 19:47:58','2015-08-22 20:43:00',NULL),(19,4618,'Lucineide Caetano Lopes','000.336.951-05','3881466 SSP/GO','1979-09-30','66-9202-2690','','','Rua Universitaria Q 450 n 38','Jd  Nova barra do Garças','78600-000','Barra do Garças','MT','2015-08-05 19:47:58','2015-08-22 21:27:38',NULL),(20,4161,'Lucelena Dias Guimarães','353.018.301-63','634776 SSP/MT','1967-02-09','66-9216-2275','','','Rua Independencia n 951','Centro','78600-000','Barra do Garças','MT','2015-08-05 19:47:58','2015-08-22 21:22:22',NULL),(21,3672,'Lohanna Claro de Souza','940.832.232-00','441955 SSP/AC','1989-11-18','66-9283-4092','','','Rua Basilio Dourado n 415','Sto Antonio','78600-000','Barra do Garças','MT','2015-08-05 19:47:58','2015-08-22 21:18:12',NULL),(22,4160,'Laylla Cristina Neres Nunes','047.258.371-99','2355062-7 SSP/M','1992-10-16','66-9204-5835','','','Rua 31 de Março, Salao em frente Tiao','Sto Antonio','78600-000','Barra do Garças','MT','2015-08-05 19:47:58','2015-08-22 21:10:34',NULL),(23,2929,'Luzia Alves Veiga','550.607.491-34','1016646-7 SSP/M','1963-06-29','66-9999-6486','','','Rua Minas Gerais n 183','Sto Antonio','78600-000','Barra do Garças','MT','2015-08-05 19:47:58','2015-08-22 21:32:43',NULL),(24,5424,'Laura Marina Pereira Silva','013.134.551-64','1762031-7 SSP/M','1986-03-27','66-3401-9812','66-9210-2605','','Rua Luis Medeiros n 2','Alto Boa Vista','78600-000','Barra do Garças','MT','2015-08-05 19:47:58','2015-08-22 21:03:49',NULL),(25,3735,'Maria De Lourdes de Castro Souza','327.694.821-49','448237 SSP/MT','1962-06-29','66-9203-7710','66-3401-1561','','Rua 21 de Abril  n 543','Uniao','78600-000','Barra do Garças','MT','2015-08-05 19:47:58','2015-08-23 19:16:25',NULL),(26,4675,'Maria Jandira Lopes Silva','000.065.971-14','1509903-2    SS','1959-07-13','66-9229-4930','66-9244-3238','','Rua 16 n 14','BAIRRO','78600-000','Aragarças','GO','2015-08-05 19:47:58','2015-08-23 19:29:58',NULL),(27,3867,'Margareth Quirino De Lima Martins','459.859.521-34','662877 SSP/MT','1963-11-01','66-9202-8459','','','Rua Jose Rodrigues dos Santos n 1123','Pitaluga','78600-000','Barra do Garças','MT','2015-08-05 19:47:58','2015-08-23 19:03:06',NULL),(28,4304,'Maria Aparecida Da Silva','201.885.361-91','259987 SSP/MT','1955-10-31','66-9219-6258','','','Rua Sao Salvador n 2695',' Jd Nova Barra Norte','78600-000','Barra do Garças','MT','2015-08-05 19:47:58','2015-08-23 19:06:00',NULL),(29,3914,'Maria Eunice Ferreira Mattos','293.065.661-15','1519855  SSP/GO','1954-02-10','66-9223-8892','','','Praça das Maes  n 415','Campinas','78600-000','Barra do Garças','MT','2015-08-05 19:47:58','2015-08-23 19:19:37',NULL),(30,3733,'Maria Raimunda Lima Alves ','395.674.941-34','1625907-6','1961-10-28','66-9233-2833','','','Rua 18 General Carneiro  n 134','Sto Antonio','78600-000','Barra do Garças','MT','2015-08-05 19:47:58','2015-08-23 19:33:38',NULL),(31,3674,'Maria Helena Brito de Moraes','181.185.501-68','565332 SSP/MT','1955-08-13','66-9222-8115','','','Rua A   Qd    1        C   04 ','Jd Araguaia','78600-000','Barra do Garças','MT','2015-08-05 19:47:58','2015-08-23 19:23:39',NULL),(32,4811,'Maria Conceição Coelho de Souza','003.287.961-07','4354514 SSP/GO','1979-10-17','66-9225-7069','66-9622-7362','','Rua Anadina Morbeck n 13','Sao Sebastiao  II','78600-000','Barra do Garças','MT','2015-08-05 19:47:58','2015-08-23 19:11:48',NULL),(33,5115,'Norma Alves Da Silva Almeida','452.991.881-53','6978819 SSP/MT','1970-09-12','66-9217-3215','66-9655-0708','','Travessa B Lt 01 Qd 03','Vila Varjao','78600-000','Barra do Garças','MT','2015-08-05 19:47:58','2015-08-26 16:58:11',NULL),(34,3229,'Ronilda Pereira Brito  Kothe','652.123.471-49','10761756 SSP/MT','1975-02-23','66-9218-1750','66-9623-9597','','Rua Joana C. Cortes 284, esq Gabriel Ferreira','Sto Antonio','78600-000','Barra do Garças','MT','2015-08-05 19:47:58','2015-08-26 17:17:04',NULL),(35,4789,'Rositani Silva Felix','000.000.000-35','INSERIR RG','0000-00-00','66-3407-1380','66-9217-2443','','ENDEREÇO','Sena Marques','78600-000','Barra do Garças','MT','2015-08-05 19:47:58','2015-08-26 17:20:14',NULL),(36,5628,'Sueli Galvão Trindade','361.438.801-82','0495707-5 SSP/M','1965-12-20','66-8462-2716','66-9247-8092','','Rua 29 n 340','Ouro Fino','78600-000','Barra do Garças','MT','2015-08-05 19:47:58','2015-08-26 17:47:08',NULL),(37,4090,'Sonia Maria De Almeida Abreu','362.579.401-25','529131 SSP/MT','1951-03-02','66-9213-0298','','','Rua Monteiro Lobato n 286','Campinas','78600-000','Barra do Garças','MT','2015-08-05 19:47:58','2015-08-26 17:51:07',NULL),(38,5116,'Sandra De Melo Silva Gonçalves','848.981.861-49','1315911-9','1973-04-29','66-9648-4004','66-9206-4698','66-9246-4615','Rua das Esmeraldas n 2883','Nova Barra Norte','78600-000','Barra do Garças','MT','2015-08-05 19:47:58','2015-08-26 17:35:41',NULL),(39,5104,'Terezinha Matos De Andrade Silva','395.655.481-72','583594 SSP/MT','1959-04-14','66-3401-8822','66-9203-4301','','Rua 08 Alto Araguaia 421 ','Sto Antonio','78600-000','Barra do Garças','MT','2015-08-05 19:47:58','2015-08-26 17:59:46',NULL),(40,3974,'Andrea Barbosa Ramos Leite','034.324.641-42','21769818','1992-05-22','66-9243-1861','','','Rua D Q 21 C 466','Jd Araguaia','78600-000','Barra do Garças','MT','2015-08-21 20:24:12','2015-08-21 20:24:12',NULL),(41,3869,'Auta Valdez Acosta','173.905.751-15','1135531-0','1953-09-13','66-9255-6996','','','ende','N B ','78600-000','Barra do Garças','MT','2015-08-21 20:29:11','2015-08-21 20:29:11',NULL),(42,5693,'Ana Laura Lima da Silva','000.521.061-52','15148807 SSP/MT','1978-01-27','66-9246-3160','','','Rua Basilio Dourado n 257','Sto Antonio','78600-000','Barra do Garças','MT','2015-08-21 20:33:54','2015-09-03 18:10:10',NULL),(43,2504,'Creonice de Oliveira','555.183.701-72','nt','1974-11-24','66-9214-3436','66-9625-1836','','Rua Brasilia n 654','Sena  Marques','78600-000','Barra do Garças','MT','2015-08-21 20:44:48','2015-08-21 20:44:48',NULL),(44,3670,'Corina dos Santos Silva','487.493.701-20','470545','1963-10-01','66-9233-4154','','','Rua Germano Bezerra n 8','Sto Antonio','78600-000','Barra do Garças','MT','2015-08-21 20:49:09','2015-08-21 20:49:09',NULL),(45,3502,'Darcy Pereira dos Santos','000.560.000-00','nt','0001-11-30','66-9982-8159','66-9225-8552','','Rua','N B do Garças','78600-000','Barra do Garças','MT','2015-08-21 21:00:57','2015-08-21 21:00:57',NULL),(46,2502,'Divanir Santos de Araujo','487.857.031-04','0725010-0','1958-07-07','66-9214-8463','66-9219-8396','','Rua 14 n 19','Sto Antonio','78600-000','Barra do Garças','MT','2015-08-21 21:04:54','2015-08-21 21:04:54',NULL),(47,1,'jdjsdjs','000.000.001-23','ro','2015-08-22','00-0000-0000','','','ru','bia','88888-888','cidade','mt','2015-08-22 19:19:11','2015-08-22 19:22:42','2015-08-22 19:22:42'),(48,111,' vinicius fernande','000.000.011-11','rm','1989-04-19','00-0000-0000','','','ru','bai','00000-000','cida','mt','2015-08-22 19:24:39','2015-08-22 19:24:46','2015-08-22 19:24:46'),(49,5030,'Erica Alves Moraes','883.868.301-82','1220626-1 SSP/M','1979-07-10','66-9234-3693','','','Rua Amazonas n 858 Esq/Jose Morbeck','Sto Antonio','78600-000','Barra do Garças','MT','2015-08-22 19:49:55','2015-08-22 19:49:55',NULL),(50,3864,'Idalina De Almeida Prado','284.318.801-63','2170878-9','1945-04-17','66-9628-8043','','','Rua Francisco de Albuquerque 241','Pitaluga','78600-000','Barra do Garças','MT','2015-08-22 20:17:49','2015-08-22 20:17:49',NULL),(51,3863,'Idelma Maria Borges Oliveira','018.531.621-24','0550694-8','1966-08-16','66-9210-4049','','','Rua Goias n 1248','Centro','78600-000','Barra do Garças','MT','2015-08-22 20:21:59','2015-08-22 20:21:59',NULL),(52,3866,'Ivanilde da Rocha Ramos','545.738.071-87','602777 SSP/MT','1964-05-25','66-3401-9918','66-9222-8017','66-9953-5122','Rua Jose Francisco de Souza n 239 ','Sto Antonio','78600-000','Barra do Garças','MT','2015-08-22 20:27:39','2015-08-22 20:27:39',NULL),(53,5705,'Kalita Alves de Lima','039.552.191-27','2242240-4 SSP/M','1993-10-15','66-9212-3039','66-9234-2977','','Rua Major Otavio Pitaluga n 1851','Jd Nova Barra Sul','78600-000','Barra do Garças','MT','2015-08-22 20:33:25','2015-08-22 20:33:25',NULL),(54,5374,'Joana Darc da Silva','704.344.501-97','1214173-9','1981-01-30','66-9236-4870','','','Rua Augusta n 43','Pitaluga','78600-000','Barra do Garças','MT','2015-08-22 20:49:32','2015-08-22 20:49:32',NULL),(55,3076,'Janiny Soares de Oliveira','728.267.701-87','ntem','1984-08-08','66-9239-3550','','','Rua Carajas,  em Frente Prefeitura','Centro','78600-000','Barra do Garças','MT','2015-08-22 20:54:07','2015-08-22 20:54:07',NULL),(56,4302,'Julia Ataides Craveiro','481.761.921-04','620878 SSP/MT','1967-01-22','66-3401-9828','66-9214-8601','','Rua do Contorno n 125','Domingos Mariano','78600-000','Barra do Garças','MT','2015-08-22 20:57:15','2015-08-22 20:57:15',NULL),(57,4039,'Lizabeth Maria Gois Macedo da Silva','034.888.511-33','2494257-0 SSP/M','1951-05-20','66-3401-4188','66-9911-8482','','Av Ana Lira n 156','Sto Antonio','78600-000','Barra do Garças','MT','2015-08-22 21:14:58','2015-08-22 21:14:58',NULL),(58,5288,'Luzinete da Silva Mendes','272.423.403-06','0744751-5 SSP M','1966-01-11','66-3407-2535','66-9218-2535','','Rua Independencia n 683','Centro','78600-000','Barra do Garças','MT','2015-08-22 21:36:56','2015-08-22 21:36:56',NULL),(59,3027,'Maria Aparecida Cardoso','622.166.191-91','971803  SSP/MT','1971-10-20','66-9207-7212','66-9204-6432','66-9208-5641','Rua Amazonas n 975','Sto Antonio','78600-000','Barra do Garças','MT','2015-08-23 19:38:25','2015-08-23 19:38:25',NULL),(60,4227,'Maria dos Santos Nogueira','010.010.001-01','0100001','1958-04-23','66-9953-0012','66-3401-4446','','Rua Leonardo Vilas Boas n 341','Campinas','78600-000','Barra do Garças','MT','2015-08-23 19:45:01','2015-08-23 19:45:01',NULL),(61,2505,'Maria Domingas Fernandes da Silva','495.782.781-87','826219 SSP/MT','1971-11-15','66-9205-7603','','','Rua Brasilia n 639','Sena Marques','78600-000','Barra do Garças','MT','2015-08-23 19:51:37','2015-08-23 19:51:37',NULL),(62,2572,'Marineth Honorio da Silva Alves','304.725.631-49','410896 SSP/Mt','1962-10-05','66-9242-1359','','','Rua 31 Março 54','Sto Antonio','78600-000','Barra do Garças','MT','2015-08-23 19:56:12','2015-08-23 19:56:12',NULL),(63,2144,'Maria Auxiliadora Gonçalves A. Duarte','208.652.281-91','1506377 SSP/GO','1961-03-25','66-9235-4718','','','Av Principal Qd 28 Lt 02 n 572','Ouro Fino','78600-000','Barra do Garças','MT','2015-08-23 20:00:05','2015-08-23 20:00:05',NULL),(64,4674,'Nilceneia Rocha de Castro','383.893.471-72','590591 SSP/MT','1967-01-21','66-3401-5685','66-9211-8485','','Rua E Qd 17 C 04','Jd Araguaia','78600-000','Barra do Garças','MT','2015-08-26 17:02:48','2015-08-26 17:02:48',NULL),(65,3675,'Nilza Silva de Souza','284.136.951-04','395678 SSP/MT','1956-05-06','66-3401-3261','66-9243-5161','','Rua 31 de Março n 658','Sto Antonio','78600-000','Barra do Garças','MT','2015-08-26 17:09:18','2015-08-26 17:09:18',NULL),(66,4303,'Rita de Cassia Araujo Nasc. Belem','860.710.331-87','730327 SSP/SE','1962-05-22','66-9283-9907','','','Rua B Qd 05 C 196','Jd Araguaia','78600-000','Barra do Garças','MT','2015-08-26 17:24:55','2015-08-26 17:24:55',NULL),(67,3734,'Sandra Maria Alves Barbosa Melo','317.939.751-91','1336242-9  SSP/','1967-04-13','66-3401-6293','66-9611-3126','','Rua 18 General Carneiro  3ª casa','Sto Antonio','78600-000','Barra do Garças','MT','2015-08-26 17:40:41','2015-08-26 17:40:41',NULL),(68,3677,'Suelen Santos Silva','716.869.751-04','4633975 SSP/GO','1984-04-30','66-9235-5720','','','Rua Rodrigo Firmino dos Santos 1074','Sto Antonio','78600-000','Barra do Garças','MT','2015-08-26 17:56:29','2015-08-26 17:56:29',NULL),(69,5106,'Teresinha de Jesus Costa Miranda','010.101.010-10','010101','1991-02-01','66-3401-6722','66-9226-4651','66-9283-9907','Rua Horacio de Souza 757','Jd Maria Lucia','78600-000','Barra do Garças','MT','2015-08-26 18:05:17','2015-08-26 18:05:17',NULL),(70,3224,'Vera Lucia Soares de Lima','849.020.431-49','2323emitir','1971-07-21','66-9244-1269','','','Rua Novo Horizonte  57','Vila Varjao','78600-000','Barra do Garças','MT','2015-08-26 18:09:37','2015-08-26 18:09:37',NULL),(71,0,'Iraides Pereira Lima','604.578.301-82','1062817-7 SSP M','1968-10-01','66-3568-1079','66-8120-6504','','Rua Espirito Santo N 16','Buritis','78603-000','São Jose do Xingu','MT','2015-09-07 19:24:49','2015-09-07 19:24:49',NULL),(72,0,'Leandra da Silva Souza Santos','123.456.789-11','EMITIR','1991-10-01','66-9233-1974','66-9227-8140','','Rua 15 Setembro','Santo Antonio','78600-000','Barra do Garças ','MT','2015-09-07 20:38:59','2015-09-07 20:38:59',NULL),(73,0,'Astrogilda Moreira Brito','141.054.701-91','4582763 SSP GO','1940-11-18','66-9214-2463','','','Rua 15 Setembro N 526','Santo Antonio','78600-000','Barra do Garças','MT','2015-09-07 21:24:50','2015-09-07 21:24:50',NULL),(74,0,'Mariangela Charneski','619.737.939-20','1044516159 SSP/','1960-07-05','66-3401-6243','66-9222-0669','','Rua Independencia N 957','Centro','78600-000','Barra do Garças','MT','2015-09-08 01:55:32','2015-09-08 01:55:32',NULL),(75,1012,'DEUZELINA BARBOSA DA SILVA','181.130.281-53','1216823-2.A','1952-03-25','66-3401-2368','66-9243-1861','66-9980-8311','RUA D N 466','JD ARAGUAIA','78600-000','BARRA DO GARÇAS ','MT','2015-12-09 02:07:36','2015-12-09 02:07:36',NULL);
/*!40000 ALTER TABLE `revendedoras` ENABLE KEYS */;
UNLOCK TABLES;

--
-- Table structure for table `users`
--

DROP TABLE IF EXISTS `users`;
/*!40101 SET @saved_cs_client     = @@character_set_client */;
/*!40101 SET character_set_client = utf8 */;
CREATE TABLE `users` (
  `id` int(10) unsigned NOT NULL AUTO_INCREMENT,
  `name` varchar(255) COLLATE utf8_unicode_ci NOT NULL,
  `email` varchar(255) COLLATE utf8_unicode_ci NOT NULL,
  `password` varchar(60) COLLATE utf8_unicode_ci NOT NULL,
  `remember_token` varchar(100) COLLATE utf8_unicode_ci DEFAULT NULL,
  `created_at` timestamp NOT NULL DEFAULT '0000-00-00 00:00:00',
  `updated_at` timestamp NOT NULL DEFAULT '0000-00-00 00:00:00',
  PRIMARY KEY (`id`),
  UNIQUE KEY `users_email_unique` (`email`)
) ENGINE=InnoDB AUTO_INCREMENT=3 DEFAULT CHARSET=utf8 COLLATE=utf8_unicode_ci;
/*!40101 SET character_set_client = @saved_cs_client */;

--
-- Dumping data for table `users`
--

LOCK TABLES `users` WRITE;
/*!40000 ALTER TABLE `users` DISABLE KEYS */;
INSERT INTO `users` VALUES (1,'Vinicius Fernandes Brito','vinicius.fernandes.brito@gmail.com','$2y$10$HR42QKLJrBlw1/1HLBQlxeuioWwstqyqyO1JUSEMuzfFYn7j1RVBK','V5HJMcgwvtleKpopfxfkQj896ps0qEmzRuLnO3VfEo7tRXF1MFkBQEDGwiiE','2015-08-05 19:47:57','2015-12-29 21:50:47'),(2,'ma Lucia','luciafernandesoliveira@hotmail.com','$2y$10$tG2cO97YZ1l8ELW81nfIV.hTo9WeA5uOTSTxoJnS4FFw6qWj8vPRu','kGskMf9iExlWOHI7Rmml1uhJBKjh6KKdb2yTEm9pF2LefXDfaNww49VXTjMZ','2015-08-21 20:06:18','2015-12-14 01:54:20');
/*!40000 ALTER TABLE `users` ENABLE KEYS */;
UNLOCK TABLES;
/*!40103 SET TIME_ZONE=@OLD_TIME_ZONE */;

/*!40101 SET SQL_MODE=@OLD_SQL_MODE */;
/*!40014 SET FOREIGN_KEY_CHECKS=@OLD_FOREIGN_KEY_CHECKS */;
/*!40014 SET UNIQUE_CHECKS=@OLD_UNIQUE_CHECKS */;
/*!40101 SET CHARACTER_SET_CLIENT=@OLD_CHARACTER_SET_CLIENT */;
/*!40101 SET CHARACTER_SET_RESULTS=@OLD_CHARACTER_SET_RESULTS */;
/*!40101 SET COLLATION_CONNECTION=@OLD_COLLATION_CONNECTION */;
/*!40111 SET SQL_NOTES=@OLD_SQL_NOTES */;

-- Dump completed on 2016-01-05  2:14:16
